WordItem,WordColor,AnsLeft,AnsRight,AnsCorr,n,key_resp_part_two_meas.keys_raw,key_resp_part_two_meas.rt_mean,key_resp_part_two_meas.rt_raw,key_resp_part_two_meas.rt_std,key_resp_part_two_meas.started_mean,key_resp_part_two_meas.started_raw,key_resp_part_two_meas.started_std,key_resp_part_two_meas.stopped_raw,order
red,blue,red,blue,right,1.0,'right',1.0615451335906982,1.0615451335906982,0.0,1095.194091796875,1095.194091796875,0.0,,200.0
red,green,red,green,right,1.0,'right',1.111930012702942,1.111930012702942,0.0,1034.24755859375,1034.24755859375,0.0,,165.0
red,magenta,red,magenta,right,1.0,'right',1.2919596433639526,1.2919596433639526,0.0,932.331298828125,932.331298828125,0.0,,108.0
red,cyan,red,cyan,right,1.0,'right',0.7872405052185059,0.7872405052185059,0.0,1131.15625,1131.15625,0.0,,218.0
red,yellow,red,yellow,right,1.0,'right',1.5651506185531616,1.5651506185531616,0.0,930.235107421875,930.235107421875,0.0,,107.0
red,orange,red,orange,right,1.0,'right',1.3137925863265991,1.3137925863265991,0.0,804.6375732421875,804.6375732421875,0.0,,38.0
red,purple,red,purple,right,1.0,'right',1.2278821468353271,1.2278821468353271,0.0,723.0435180664062,723.0435180664062,0.0,,0.0
red,brown,red,brown,right,1.0,'right',0.8156110048294067,0.8156110048294067,0.0,973.3603515625,973.3603515625,0.0,,129.0
red,white,red,white,right,1.0,'right',1.068605661392212,1.068605661392212,0.0,801.3706665039062,801.3706665039062,0.0,,36.0
red,black,red,black,right,1.0,'right',0.936668872833252,0.936668872833252,0.0,1017.73486328125,1017.73486328125,0.0,,154.0
blue,green,blue,green,right,1.0,'right',1.9084179401397705,1.9084179401397705,0.0,1048.7152099609375,1048.7152099609375,0.0,,174.0
blue,magenta,blue,magenta,right,1.0,'right',0.7821819186210632,0.7821819186210632,0.0,1085.089111328125,1085.089111328125,0.0,,194.0
blue,cyan,blue,cyan,right,1.0,'right',1.1075873374938965,1.1075873374938965,0.0,1035.900634765625,1035.900634765625,0.0,,166.0
blue,yellow,blue,yellow,right,1.0,'right',0.8836007118225098,0.8836007118225098,0.0,1076.707763671875,1076.707763671875,0.0,,189.0
blue,orange,blue,orange,right,1.0,'right',1.483115315437317,1.483115315437317,0.0,906.1322021484375,906.1322021484375,0.0,,93.0
blue,purple,blue,purple,right,1.0,'right',1.2017163038253784,1.2017163038253784,0.0,837.1174926757812,837.1174926757812,0.0,,56.0
blue,brown,blue,brown,right,1.0,'right',2.7266957759857178,2.7266957759857178,0.0,864.8646850585938,864.8646850585938,0.0,,72.0
blue,white,blue,white,right,1.0,'right',3.195967674255371,3.195967674255371,0.0,938.33935546875,938.33935546875,0.0,,111.0
blue,black,blue,black,right,1.0,'right',1.3406723737716675,1.3406723737716675,0.0,832.1946411132812,832.1946411132812,0.0,,53.0
blue,red,blue,red,right,1.0,'right',1.2517260313034058,1.2517260313034058,0.0,965.547607421875,965.547607421875,0.0,,124.0
green,magenta,green,magenta,right,1.0,'right',1.8364993333816528,1.8364993333816528,0.0,997.7477416992188,997.7477416992188,0.0,,143.0
green,cyan,green,cyan,right,1.0,'right',1.1504714488983154,1.1504714488983154,0.0,1086.425048828125,1086.425048828125,0.0,,195.0
green,yellow,green,yellow,right,1.0,'right',1.799433708190918,1.799433708190918,0.0,1121.6480712890625,1121.6480712890625,0.0,,213.0
green,orange,green,orange,right,1.0,'right',1.4865657091140747,1.4865657091140747,0.0,886.9849853515625,886.9849853515625,0.0,,83.0
green,purple,green,purple,right,1.0,'right',1.1063778400421143,1.1063778400421143,0.0,756.4368286132812,756.4368286132812,0.0,,15.0
green,brown,green,brown,right,1.0,'right',1.295356273651123,1.295356273651123,0.0,750.1679077148438,750.1679077148438,0.0,,12.0
green,white,green,white,right,1.0,'right',0.9117130041122437,0.9117130041122437,0.0,854.9116821289062,854.9116821289062,0.0,,67.0
green,black,green,black,right,1.0,'right',1.5642025470733643,1.5642025470733643,0.0,897.0511474609375,897.0511474609375,0.0,,88.0
green,red,green,red,right,1.0,'right',1.5328623056411743,1.5328623056411743,0.0,814.3949584960938,814.3949584960938,0.0,,43.0
green,blue,green,blue,right,1.0,'right',1.0665068626403809,1.0665068626403809,0.0,1043.98095703125,1043.98095703125,0.0,,171.0
magenta,cyan,magenta,cyan,right,1.0,'right',0.9118512868881226,0.9118512868881226,0.0,981.7356567382812,981.7356567382812,0.0,,133.0
magenta,yellow,magenta,yellow,right,1.0,'right',0.8937160968780518,0.8937160968780518,0.0,967.353515625,967.353515625,0.0,,125.0
magenta,orange,magenta,orange,right,1.0,'right',1.609842300415039,1.609842300415039,0.0,934.1815795898438,934.1815795898438,0.0,,109.0
magenta,purple,magenta,purple,right,1.0,'right',1.4142533540725708,1.4142533540725708,0.0,819.6892700195312,819.6892700195312,0.0,,46.0
magenta,brown,magenta,brown,right,1.0,'right',1.1541982889175415,1.1541982889175415,0.0,985.966064453125,985.966064453125,0.0,,136.0
magenta,white,magenta,white,right,1.0,'right',1.1769344806671143,1.1769344806671143,0.0,764.9743041992188,764.9743041992188,0.0,,19.0
magenta,black,magenta,black,right,1.0,'right',1.5304006338119507,1.5304006338119507,0.0,778.3648071289062,778.3648071289062,0.0,,25.0
magenta,red,magenta,red,right,1.0,'right',0.7106381058692932,0.7106381058692932,0.0,1028.2890625,1028.2890625,0.0,,161.0
magenta,blue,magenta,blue,right,1.0,'right',0.9555060863494873,0.9555060863494873,0.0,1047.2119140625,1047.2119140625,0.0,,173.0
magenta,green,magenta,green,right,1.0,'right',0.8597378730773926,0.8597378730773926,0.0,1125.915771484375,1125.915771484375,0.0,,215.0
cyan,yellow,cyan,yellow,right,1.0,'right',1.0855926275253296,1.0855926275253296,0.0,841.8819580078125,841.8819580078125,0.0,,59.0
cyan,orange,cyan,orange,right,1.0,'left',2.1689822673797607,2.1689822673797607,0.0,860.3746337890625,860.3746337890625,0.0,,70.0
cyan,purple,cyan,purple,right,1.0,'right',1.1286206245422363,1.1286206245422363,0.0,821.6473999023438,821.6473999023438,0.0,,47.0
cyan,brown,cyan,brown,right,1.0,'right',1.9792636632919312,1.9792636632919312,0.0,1002.124267578125,1002.124267578125,0.0,,145.0
cyan,white,cyan,white,right,1.0,'left',1.3708970546722412,1.3708970546722412,0.0,1068.66064453125,1068.66064453125,0.0,,185.0
cyan,black,cyan,black,right,1.0,'right',1.0408494472503662,1.0408494472503662,0.0,956.7505493164062,956.7505493164062,0.0,,119.0
cyan,red,cyan,red,right,1.0,'right',1.0010566711425781,1.0010566711425781,0.0,953.7023315429688,953.7023315429688,0.0,,117.0
cyan,blue,cyan,blue,right,1.0,'right',1.2317384481430054,1.2317384481430054,0.0,771.0315551757812,771.0315551757812,0.0,,22.0
cyan,green,cyan,green,right,1.0,'right',1.7904731035232544,1.7904731035232544,0.0,794.0726928710938,794.0726928710938,0.0,,32.0
cyan,magenta,cyan,magenta,right,1.0,'left',1.623634696006775,1.623634696006775,0.0,783.0478515625,783.0478515625,0.0,,27.0
yellow,orange,yellow,orange,right,1.0,'right',0.9507644176483154,0.9507644176483154,0.0,1042.4805908203125,1042.4805908203125,0.0,,170.0
yellow,purple,yellow,purple,right,1.0,'right',1.8013979196548462,1.8013979196548462,0.0,903.7818603515625,903.7818603515625,0.0,,92.0
yellow,brown,yellow,brown,right,1.0,'right',1.3214563131332397,1.3214563131332397,0.0,1089.837890625,1089.837890625,0.0,,197.0
yellow,white,yellow,white,right,1.0,'right',0.8999776840209961,0.8999776840209961,0.0,991.1635131835938,991.1635131835938,0.0,,139.0
yellow,black,yellow,black,right,1.0,'right',1.1900899410247803,1.1900899410247803,0.0,1101.4976806640625,1101.4976806640625,0.0,,203.0
yellow,red,yellow,red,right,1.0,'right',1.9147251844406128,1.9147251844406128,0.0,1119.1806640625,1119.1806640625,0.0,,212.0
yellow,blue,yellow,blue,right,1.0,'right',1.3095908164978027,1.3095908164978027,0.0,968.8018798828125,968.8018798828125,0.0,,126.0
yellow,green,yellow,green,right,1.0,'right',0.9188523888587952,0.9188523888587952,0.0,881.2092895507812,881.2092895507812,0.0,,80.0
yellow,magenta,yellow,magenta,right,1.0,'right',1.22596275806427,1.22596275806427,0.0,1060.1014404296875,1060.1014404296875,0.0,,180.0
yellow,cyan,yellow,cyan,right,1.0,'right',0.9463819861412048,0.9463819861412048,0.0,984.4611206054688,984.4611206054688,0.0,,135.0
orange,purple,orange,purple,right,1.0,'right',1.4581340551376343,1.4581340551376343,0.0,1011.045166015625,1011.045166015625,0.0,,150.0
orange,brown,orange,brown,right,1.0,'right',1.1015743017196655,1.1015743017196655,0.0,899.1697387695312,899.1697387695312,0.0,,89.0
orange,white,orange,white,right,1.0,'right',1.1329591274261475,1.1329591274261475,0.0,846.7305297851562,846.7305297851562,0.0,,62.0
orange,black,orange,black,right,1.0,'right',1.5204931497573853,1.5204931497573853,0.0,858.310791015625,858.310791015625,0.0,,69.0
orange,red,orange,red,right,1.0,'right',0.9479228854179382,0.9479228854179382,0.0,1004.6596069335938,1004.6596069335938,0.0,,146.0
orange,blue,orange,blue,right,1.0,'right',1.3812686204910278,1.3812686204910278,0.0,729.0900268554688,729.0900268554688,0.0,,3.0
orange,green,orange,green,right,1.0,'right',0.9893320202827454,0.9893320202827454,0.0,853.3701171875,853.3701171875,0.0,,66.0
orange,magenta,orange,magenta,right,1.0,'right',0.8211833834648132,0.8211833834648132,0.0,1064.14697265625,1064.14697265625,0.0,,182.0
orange,cyan,orange,cyan,right,1.0,'right',1.0162321329116821,1.0162321329116821,0.0,902.2155151367188,902.2155151367188,0.0,,91.0
orange,yellow,orange,yellow,right,1.0,'right',1.0884933471679688,1.0884933471679688,0.0,838.8709106445312,838.8709106445312,0.0,,57.0
purple,brown,purple,brown,right,1.0,'right',1.1349207162857056,1.1349207162857056,0.0,958.3366088867188,958.3366088867188,0.0,,120.0
purple,white,purple,white,right,1.0,'right',0.9119868874549866,0.9119868874549866,0.0,1037.5513916015625,1037.5513916015625,0.0,,167.0
purple,black,purple,black,right,1.0,'right',1.0262583494186401,1.0262583494186401,0.0,1025.189453125,1025.189453125,0.0,,159.0
purple,red,purple,red,right,1.0,'right',0.9102082848548889,0.9102082848548889,0.0,1039.0013427734375,1039.0013427734375,0.0,,168.0
purple,blue,purple,blue,right,1.0,'right',1.4463659524917603,1.4463659524917603,0.0,1000.1289672851562,1000.1289672851562,0.0,,144.0
purple,green,purple,green,right,1.0,'right',1.2341514825820923,1.2341514825820923,0.0,944.6134643554688,944.6134643554688,0.0,,113.0
purple,magenta,purple,magenta,right,1.0,'right',1.2059983015060425,1.2059983015060425,0.0,874.641845703125,874.641845703125,0.0,,77.0
purple,cyan,purple,cyan,right,1.0,'right',1.2623850107192993,1.2623850107192993,0.0,1058.2811279296875,1058.2811279296875,0.0,,179.0
purple,yellow,purple,yellow,right,1.0,'right',0.9311583042144775,0.9311583042144775,0.0,1019.2361450195312,1019.2361450195312,0.0,,155.0
purple,orange,purple,orange,right,1.0,'right',1.4702686071395874,1.4702686071395874,0.0,1040.457275390625,1040.457275390625,0.0,,169.0
brown,white,brown,white,right,1.0,'right',1.230866551399231,1.230866551399231,0.0,790.5208129882812,790.5208129882812,0.0,,30.0
brown,black,brown,black,right,1.0,'right',0.976224422454834,0.976224422454834,0.0,1073.207275390625,1073.207275390625,0.0,,187.0
brown,red,brown,red,right,1.0,'right',0.7440930008888245,0.7440930008888245,0.0,1083.79150390625,1083.79150390625,0.0,,193.0
brown,blue,brown,blue,right,1.0,'right',1.8527146577835083,1.8527146577835083,0.0,1078.1387939453125,1078.1387939453125,0.0,,190.0
brown,green,brown,green,right,1.0,'right',0.9838775992393494,0.9838775992393494,0.0,918.8956909179688,918.8956909179688,0.0,,100.0
brown,magenta,brown,magenta,right,1.0,'right',1.3861781358718872,1.3861781358718872,0.0,799.4456787109375,799.4456787109375,0.0,,35.0
brown,cyan,brown,cyan,right,1.0,'right',1.4547865390777588,1.4547865390777588,0.0,1074.7127685546875,1074.7127685546875,0.0,,188.0
brown,yellow,brown,yellow,right,1.0,'right',1.2925255298614502,1.2925255298614502,0.0,754.5947875976562,754.5947875976562,0.0,,14.0
brown,orange,brown,orange,right,1.0,'right',1.9247974157333374,1.9247974157333374,0.0,876.3876342773438,876.3876342773438,0.0,,78.0
brown,purple,brown,purple,right,1.0,'right',0.9814956188201904,0.9814956188201904,0.0,1082.27392578125,1082.27392578125,0.0,,192.0
white,black,white,black,right,1.0,'right',1.064664602279663,1.064664602279663,0.0,1091.70263671875,1091.70263671875,0.0,,198.0
white,red,white,red,right,1.0,'right',0.9453263878822327,0.9453263878822327,0.0,1020.7183227539062,1020.7183227539062,0.0,,156.0
white,blue,white,blue,right,1.0,'right',0.9784433841705322,0.9784433841705322,0.0,824.629638671875,824.629638671875,0.0,,49.0
white,green,white,green,right,1.0,'right',1.2265287637710571,1.2265287637710571,0.0,1051.1571044921875,1051.1571044921875,0.0,,175.0
white,magenta,white,magenta,right,1.0,'right',1.8850425481796265,1.8850425481796265,0.0,893.0023803710938,893.0023803710938,0.0,,86.0
white,cyan,white,cyan,right,1.0,'right',0.8938295245170593,0.8938295245170593,0.0,843.513671875,843.513671875,0.0,,60.0
white,yellow,white,yellow,right,1.0,'right',2.087606906890869,2.087606906890869,0.0,743.7199096679688,743.7199096679688,0.0,,9.0
white,orange,white,orange,right,1.0,'right',1.1106996536254883,1.1106996536254883,0.0,797.7765502929688,797.7765502929688,0.0,,34.0
white,purple,white,purple,right,1.0,'right',1.3829070329666138,1.3829070329666138,0.0,856.37646484375,856.37646484375,0.0,,68.0
white,brown,white,brown,right,1.0,'right',1.049093246459961,1.049093246459961,0.0,1056.678466796875,1056.678466796875,0.0,,178.0
black,red,black,red,right,1.0,'right',1.7979274988174438,1.7979274988174438,0.0,878.857666015625,878.857666015625,0.0,,79.0
black,blue,black,blue,right,1.0,'right',2.1598339080810547,2.1598339080810547,0.0,882.671630859375,882.671630859375,0.0,,81.0
black,green,black,green,right,1.0,'right',1.2250354290008545,1.2250354290008545,0.0,1113.1103515625,1113.1103515625,0.0,,209.0
black,magenta,black,magenta,right,1.0,'right',1.2341258525848389,1.2341258525848389,0.0,792.2933959960938,792.2933959960938,0.0,,31.0
black,cyan,black,cyan,right,1.0,'right',1.8659480810165405,1.8659480810165405,0.0,741.30126953125,741.30126953125,0.0,,8.0
black,yellow,black,yellow,right,1.0,'right',1.1562339067459106,1.1562339067459106,0.0,848.4120483398438,848.4120483398438,0.0,,63.0
black,orange,black,orange,right,1.0,'right',1.190183162689209,1.190183162689209,0.0,1080.5374755859375,1080.5374755859375,0.0,,191.0
black,purple,black,purple,right,1.0,'right',1.2758766412734985,1.2758766412734985,0.0,766.699462890625,766.699462890625,0.0,,20.0
black,brown,black,brown,right,1.0,'right',1.0279313325881958,1.0279313325881958,0.0,1016.1716918945312,1016.1716918945312,0.0,,153.0
black,white,black,white,right,1.0,'right',1.0753730535507202,1.0753730535507202,0.0,895.4362182617188,895.4362182617188,0.0,,87.0
red,blue,blue,red,left,1.0,'left',1.3079782724380493,1.3079782724380493,0.0,816.4593505859375,816.4593505859375,0.0,,44.0
red,green,green,red,left,1.0,'left',0.7741274237632751,0.7741274237632751,0.0,823.3134155273438,823.3134155273438,0.0,,48.0
red,magenta,magenta,red,left,1.0,'left',0.8576971292495728,0.8576971292495728,0.0,900.8137817382812,900.8137817382812,0.0,,90.0
red,cyan,cyan,red,left,1.0,'left',1.5732667446136475,1.5732667446136475,0.0,960.0192260742188,960.0192260742188,0.0,,121.0
red,yellow,yellow,red,left,1.0,'left',1.150098443031311,1.150098443031311,0.0,1106.033447265625,1106.033447265625,0.0,,205.0
red,orange,orange,red,left,1.0,'left',1.1115920543670654,1.1115920543670654,0.0,928.5919799804688,928.5919799804688,0.0,,106.0
red,purple,purple,red,left,1.0,'left',2.0506041049957275,2.0506041049957275,0.0,780.4447631835938,780.4447631835938,0.0,,26.0
red,brown,brown,red,left,1.0,'left',1.1698416471481323,1.1698416471481323,0.0,1088.1175537109375,1088.1175537109375,0.0,,196.0
red,white,white,red,left,1.0,'left',2.0620827674865723,2.0620827674865723,0.0,1116.5780029296875,1116.5780029296875,0.0,,211.0
red,black,black,red,left,1.0,'left',1.0917754173278809,1.0917754173278809,0.0,923.507568359375,923.507568359375,0.0,,103.0
blue,green,green,blue,left,1.0,'left',1.208371639251709,1.208371639251709,0.0,909.9029541015625,909.9029541015625,0.0,,95.0
blue,magenta,magenta,blue,left,1.0,'right',1.3683040142059326,1.3683040142059326,0.0,827.65576171875,827.65576171875,0.0,,51.0
blue,cyan,cyan,blue,left,1.0,'left',0.8644788861274719,0.8644788861274719,0.0,873.2227783203125,873.2227783203125,0.0,,76.0
blue,yellow,yellow,blue,left,1.0,'right',1.3378478288650513,1.3378478288650513,0.0,995.8773803710938,995.8773803710938,0.0,,142.0
blue,orange,orange,blue,left,1.0,'left',1.7057464122772217,1.7057464122772217,0.0,726.8297729492188,726.8297729492188,0.0,,2.0
blue,purple,purple,blue,left,1.0,'left',1.190887212753296,1.190887212753296,0.0,758.0805053710938,758.0805053710938,0.0,,16.0
blue,brown,brown,blue,left,1.0,'left',1.234047532081604,1.234047532081604,0.0,844.9492797851562,844.9492797851562,0.0,,61.0
blue,white,white,blue,left,1.0,'left',1.1642776727676392,1.1642776727676392,0.0,1009.3230590820312,1009.3230590820312,0.0,,149.0
blue,black,black,blue,left,1.0,'right',0.9474486708641052,0.9474486708641052,0.0,1065.508056640625,1065.508056640625,0.0,,183.0
blue,red,red,blue,left,1.0,'right',0.8739771246910095,0.8739771246910095,0.0,1096.7896728515625,1096.7896728515625,0.0,,201.0
green,magenta,magenta,green,left,1.0,'left',0.9923073053359985,0.9923073053359985,0.0,746.3519287109375,746.3519287109375,0.0,,10.0
green,cyan,cyan,green,left,1.0,'left',1.3132773637771606,1.3132773637771606,0.0,1109.5181884765625,1109.5181884765625,0.0,,207.0
green,yellow,yellow,green,left,1.0,'left',1.015424132347107,1.015424132347107,0.0,920.424072265625,920.424072265625,0.0,,101.0
green,orange,orange,green,left,1.0,'left',1.5563277006149292,1.5563277006149292,0.0,889.0110473632812,889.0110473632812,0.0,,84.0
green,purple,purple,green,left,1.0,'left',0.9568744897842407,0.9568744897842407,0.0,971.8671875,971.8671875,0.0,,128.0
green,brown,brown,green,left,1.0,'left',0.8698294162750244,0.8698294162750244,0.0,834.0816040039062,834.0816040039062,0.0,,54.0
green,white,white,green,left,1.0,'left',0.9784116148948669,0.9784116148948669,0.0,921.9812622070312,921.9812622070312,0.0,,102.0
green,black,black,green,left,1.0,'left',0.8287616968154907,0.8287616968154907,0.0,796.4031982421875,796.4031982421875,0.0,,33.0
green,red,red,green,left,1.0,'left',1.482391595840454,1.482391595840454,0.0,776.3411865234375,776.3411865234375,0.0,,24.0
green,blue,blue,green,left,1.0,'left',2.0810000896453857,2.0810000896453857,0.0,829.5662841796875,829.5662841796875,0.0,,52.0
magenta,cyan,cyan,magenta,left,1.0,'left',1.142751693725586,1.142751693725586,0.0,908.1686401367188,908.1686401367188,0.0,,94.0
magenta,yellow,yellow,magenta,left,1.0,'left',1.0308647155761719,1.0308647155761719,0.0,868.1445922851562,868.1445922851562,0.0,,73.0
magenta,orange,orange,magenta,left,1.0,'left',1.0984512567520142,1.0984512567520142,0.0,1067.01318359375,1067.01318359375,0.0,,184.0
magenta,purple,purple,magenta,left,1.0,'left',1.0591250658035278,1.0591250658035278,0.0,885.3882446289062,885.3882446289062,0.0,,82.0
magenta,brown,brown,magenta,left,1.0,'left',3.2216482162475586,3.2216482162475586,0.0,785.2095336914062,785.2095336914062,0.0,,28.0
magenta,white,white,magenta,left,1.0,'left',0.6476777195930481,0.6476777195930481,0.0,970.6717529296875,970.6717529296875,0.0,,127.0
magenta,black,black,magenta,left,1.0,'left',0.7258868217468262,0.7258868217468262,0.0,983.1942749023438,983.1942749023438,0.0,,134.0
magenta,red,red,magenta,left,1.0,'left',0.943732500076294,0.943732500076294,0.0,955.2555541992188,955.2555541992188,0.0,,118.0
magenta,blue,blue,magenta,left,1.0,'left',1.037842869758606,1.037842869758606,0.0,1007.7454833984375,1007.7454833984375,0.0,,148.0
magenta,green,green,magenta,left,1.0,'left',1.3146154880523682,1.3146154880523682,0.0,812.5408935546875,812.5408935546875,0.0,,42.0
cyan,yellow,yellow,cyan,left,1.0,'left',1.4576979875564575,1.4576979875564575,0.0,936.3416137695312,936.3416137695312,0.0,,110.0
cyan,orange,orange,cyan,left,1.0,'left',2.9623265266418457,2.9623265266418457,0.0,948.4452514648438,948.4452514648438,0.0,,115.0
cyan,purple,purple,cyan,left,1.0,'left',1.9814715385437012,1.9814715385437012,0.0,942.08984375,942.08984375,0.0,,112.0
cyan,brown,brown,cyan,left,1.0,'left',1.5233064889907837,1.5233064889907837,0.0,946.3888549804688,946.3888549804688,0.0,,114.0
cyan,white,white,cyan,left,1.0,'left',1.4438021183013916,1.4438021183013916,0.0,976.9314575195312,976.9314575195312,0.0,,131.0
cyan,black,black,cyan,left,1.0,'left',1.3384889364242554,1.3384889364242554,0.0,739.420654296875,739.420654296875,0.0,,7.0
cyan,red,red,cyan,left,1.0,'left',1.182446837425232,1.182446837425232,0.0,963.81689453125,963.81689453125,0.0,,123.0
cyan,blue,blue,cyan,left,1.0,'left',1.4172039031982422,1.4172039031982422,0.0,733.01416015625,733.01416015625,0.0,,5.0
cyan,green,green,cyan,left,1.0,'left',1.1617364883422852,1.1617364883422852,0.0,1032.5419921875,1032.5419921875,0.0,,164.0
cyan,magenta,magenta,cyan,left,1.0,'left',1.3232187032699585,1.3232187032699585,0.0,871.3568115234375,871.3568115234375,0.0,,75.0
yellow,orange,orange,yellow,left,1.0,'left',1.2507363557815552,1.2507363557815552,0.0,759.8203735351562,759.8203735351562,0.0,,17.0
yellow,purple,purple,yellow,left,1.0,'left',1.230287790298462,1.230287790298462,0.0,863.0971069335938,863.0971069335938,0.0,,71.0
yellow,brown,brown,yellow,left,1.0,'left',1.0985665321350098,1.0985665321350098,0.0,802.9886474609375,802.9886474609375,0.0,,37.0
yellow,white,white,yellow,left,1.0,'left',0.8988274931907654,0.8988274931907654,0.0,994.4287719726562,994.4287719726562,0.0,,141.0
yellow,black,black,yellow,left,1.0,'left',1.0776000022888184,1.0776000022888184,0.0,869.7298583984375,869.7298583984375,0.0,,74.0
yellow,red,red,yellow,left,1.0,'left',2.032156467437744,2.032156467437744,0.0,752.0153198242188,752.0153198242188,0.0,,13.0
yellow,blue,blue,yellow,left,1.0,'left',0.9858992099761963,0.9858992099761963,0.0,1023.6536254882812,1023.6536254882812,0.0,,158.0
yellow,green,green,yellow,left,1.0,'left',2.079591989517212,2.079591989517212,0.0,1070.575927734375,1070.575927734375,0.0,,186.0
yellow,magenta,magenta,yellow,left,1.0,'left',1.7310314178466797,1.7310314178466797,0.0,747.8843383789062,747.8843383789062,0.0,,11.0
yellow,cyan,cyan,yellow,left,1.0,'left',1.2526521682739258,1.2526521682739258,0.0,808.3709106445312,808.3709106445312,0.0,,40.0
orange,purple,purple,orange,left,1.0,'right',0.8989827036857605,0.8989827036857605,0.0,1052.940673828125,1052.940673828125,0.0,,176.0
orange,brown,brown,orange,left,1.0,'left',0.833560585975647,0.833560585975647,0.0,840.4937744140625,840.4937744140625,0.0,,58.0
orange,white,white,orange,left,1.0,'left',1.0560749769210815,1.0560749769210815,0.0,1014.5755004882812,1014.5755004882812,0.0,,152.0
orange,black,black,orange,left,1.0,'left',1.060106635093689,1.060106635093689,0.0,911.6671142578125,911.6671142578125,0.0,,96.0
orange,red,red,orange,left,1.0,'left',1.0033577680587769,1.0033577680587769,0.0,989.6121215820312,989.6121215820312,0.0,,138.0
orange,blue,blue,orange,left,1.0,'left',1.3611195087432861,1.3611195087432861,0.0,1123.998291015625,1123.998291015625,0.0,,214.0
orange,green,green,orange,left,1.0,'right',1.2240209579467773,1.2240209579467773,0.0,1107.743408203125,1107.743408203125,0.0,,206.0
orange,magenta,magenta,orange,left,1.0,'left',1.3385432958602905,1.3385432958602905,0.0,891.1167602539062,891.1167602539062,0.0,,85.0
orange,cyan,cyan,orange,left,1.0,'left',0.9742584228515625,0.9742584228515625,0.0,1026.769775390625,1026.769775390625,0.0,,160.0
orange,yellow,yellow,orange,left,1.0,'left',2.7483913898468018,2.7483913898468018,0.0,1098.203125,1098.203125,0.0,,202.0
purple,brown,brown,purple,left,1.0,'left',3.897254228591919,3.897254228591919,0.0,734.9739990234375,734.9739990234375,0.0,,6.0
purple,white,white,purple,left,1.0,'left',1.9687423706054688,1.9687423706054688,0.0,768.5104370117188,768.5104370117188,0.0,,21.0
purple,black,black,purple,left,1.0,'left',0.9341256022453308,0.9341256022453308,0.0,1029.55322265625,1029.55322265625,0.0,,162.0
purple,red,red,purple,left,1.0,'left',0.9076961874961853,0.9076961874961853,0.0,917.4446411132812,917.4446411132812,0.0,,99.0
purple,blue,blue,purple,left,1.0,'left',1.0984101295471191,1.0984101295471191,0.0,835.4849243164062,835.4849243164062,0.0,,55.0
purple,green,green,purple,left,1.0,'left',1.7477792501449585,1.7477792501449585,0.0,1054.3798828125,1054.3798828125,0.0,,177.0
purple,magenta,magenta,purple,left,1.0,'left',1.4431368112564087,1.4431368112564087,0.0,724.8281860351562,724.8281860351562,0.0,,1.0
purple,cyan,cyan,purple,left,1.0,'left',1.1100709438323975,1.1100709438323975,0.0,1132.49755859375,1132.49755859375,0.0,,219.0
purple,yellow,yellow,purple,left,1.0,'left',1.4034596681594849,1.4034596681594849,0.0,987.6680908203125,987.6680908203125,0.0,,137.0
purple,orange,orange,purple,left,1.0,'left',1.1324410438537598,1.1324410438537598,0.0,850.1150512695312,850.1150512695312,0.0,,64.0
brown,white,white,brown,left,1.0,'left',1.1303280591964722,1.1303280591964722,0.0,962.1414794921875,962.1414794921875,0.0,,122.0
brown,black,black,brown,left,1.0,'left',1.074566125869751,1.074566125869751,0.0,913.2766723632812,913.2766723632812,0.0,,97.0
brown,red,red,brown,left,1.0,'left',1.343894124031067,1.343894124031067,0.0,1093.319580078125,1093.319580078125,0.0,,199.0
brown,blue,blue,brown,left,1.0,'left',1.6745976209640503,1.6745976209640503,0.0,1127.3248291015625,1127.3248291015625,0.0,,216.0
brown,green,green,brown,left,1.0,'left',0.8977267742156982,0.8977267742156982,0.0,1022.205810546875,1022.205810546875,0.0,,157.0
brown,magenta,magenta,brown,left,1.0,'left',1.067304253578186,1.067304253578186,0.0,1045.60546875,1045.60546875,0.0,,172.0
brown,cyan,cyan,brown,left,1.0,'right',1.1585830450057983,1.1585830450057983,0.0,1114.881591796875,1114.881591796875,0.0,,210.0
brown,yellow,yellow,brown,left,1.0,'left',2.9753971099853516,2.9753971099853516,0.0,772.816162109375,772.816162109375,0.0,,23.0
brown,orange,orange,brown,left,1.0,'left',1.274093747138977,1.274093747138977,0.0,992.61328125,992.61328125,0.0,,140.0
brown,purple,purple,brown,left,1.0,'left',1.2179023027420044,1.2179023027420044,0.0,951.9421997070312,951.9421997070312,0.0,,116.0
white,black,black,white,left,1.0,'left',1.0313886404037476,1.0313886404037476,0.0,1006.1600952148438,1006.1600952148438,0.0,,147.0
white,red,red,white,left,1.0,'left',1.013039231300354,1.013039231300354,0.0,851.7941284179688,851.7941284179688,0.0,,65.0
white,blue,blue,white,left,1.0,'left',1.6679861545562744,1.6679861545562744,0.0,974.723388671875,974.723388671875,0.0,,130.0
white,green,green,white,left,1.0,'left',1.4264302253723145,1.4264302253723145,0.0,731.0289306640625,731.0289306640625,0.0,,4.0
white,magenta,magenta,white,left,1.0,'left',2.815431594848633,2.815431594848633,0.0,761.6158447265625,761.6158447265625,0.0,,18.0
white,cyan,cyan,white,left,1.0,'left',1.7141433954238892,1.7141433954238892,0.0,1061.877197265625,1061.877197265625,0.0,,181.0
white,yellow,yellow,white,left,1.0,'left',1.0014934539794922,1.0014934539794922,0.0,788.9738159179688,788.9738159179688,0.0,,29.0
white,orange,orange,white,left,1.0,'left',0.9659495949745178,0.9659495949745178,0.0,925.1455078125,925.1455078125,0.0,,104.0
white,purple,purple,white,left,1.0,'right',1.8116469383239746,1.8116469383239746,0.0,810.1717529296875,810.1717529296875,0.0,,41.0
white,brown,brown,white,left,1.0,'left',0.8268594145774841,0.8268594145774841,0.0,818.3171997070312,818.3171997070312,0.0,,45.0
black,red,red,black,left,1.0,'left',1.3232461214065552,1.3232461214065552,0.0,806.5003051757812,806.5003051757812,0.0,,39.0
black,blue,blue,black,left,1.0,'left',2.265105724334717,2.265105724334717,0.0,1103.2303466796875,1103.2303466796875,0.0,,204.0
black,green,green,black,left,1.0,'left',0.9688200950622559,0.9688200950622559,0.0,1013.0545654296875,1013.0545654296875,0.0,,151.0
black,magenta,magenta,black,left,1.0,'left',1.0695997476577759,1.0695997476577759,0.0,1129.5460205078125,1129.5460205078125,0.0,,217.0
black,cyan,cyan,black,left,1.0,'left',1.1964693069458008,1.1964693069458008,0.0,1111.379150390625,1111.379150390625,0.0,,208.0
black,yellow,yellow,black,left,1.0,'left',1.9989374876022339,1.9989374876022339,0.0,914.8966064453125,914.8966064453125,0.0,,98.0
black,orange,orange,black,left,1.0,'left',2.277787446975708,2.277787446975708,0.0,978.913818359375,978.913818359375,0.0,,132.0
black,purple,purple,black,left,1.0,'left',0.9500443935394287,0.9500443935394287,0.0,826.1533813476562,826.1533813476562,0.0,,50.0
black,brown,brown,black,left,1.0,'left',1.3859317302703857,1.3859317302703857,0.0,926.6615600585938,926.6615600585938,0.0,,105.0
black,white,white,black,left,1.0,'left',0.9554316997528076,0.9554316997528076,0.0,1031.0367431640625,1031.0367431640625,0.0,,163.0

extraInfo
participant,ka
session,002
date,2019_Oct_05_1028
expName,StressSession
psychopyVersion,3.2.3
frameRate,59.838889828028364
