E4_Gsr 1558610515,976 0,1857706
E4_Gsr 1558610516,226 0,1857706
E4_Gsr 1558610516,476 0,1870518
E4_Gsr 1558610516,726 0,188333
E4_Gsr 1558610516,976 0,188333
E4_Gsr 1558610517,226 0,188333
E4_Gsr 1558610517,476 0,188333
E4_Gsr 1558610517,726 0,1844894
E4_Gsr 1558610517,976 0,1870518
E4_Gsr 1558610518,226 0,188333
E4_Gsr 1558610518,476 0,1896141
E4_Gsr 1558610518,726 0,1870518
E4_Gsr 1558610518,976 0,1870518
E4_Gsr 1558610519,226 0,1870518
E4_Gsr 1558610519,476 0,1896141
E4_Gsr 1558610519,726 0,1870518
E4_Gsr 1558610519,976 0,1870518
E4_Gsr 1558610520,226 0,1870518
E4_Gsr 1558610520,476 0,1844894
E4_Gsr 1558610520,726 0,1870518
E4_Gsr 1558610520,976 0,1870518
E4_Gsr 1558610521,226 0,1857706
E4_Gsr 1558610521,476 0,1857706
E4_Gsr 1558610521,726 0,1857706
E4_Gsr 1558610521,976 0,1857706
E4_Hr 1558610517,45962 69,81495
E4_Ibi 1558610517,45962 0,8594148
E4_Gsr 1558610522,226 0,1844894
E4_Gsr 1558610522,476 0,1844894
E4_Gsr 1558610522,726 0,1857706
E4_Gsr 1558610522,976 0,1844894
E4_Gsr 1558610523,226 0,1819271
E4_Gsr 1558610523,476 0,1844894
E4_Hr 1558610518,28778 72,44949
E4_Ibi 1558610518,28778 0,8281631
E4_Hr 1558610519,16282 68,56825
E4_Ibi 1558610519,16282 0,8750405
E4_Gsr 1558610523,726 0,1857706
E4_Gsr 1558610523,976 0,1844894
E4_Gsr 1558610524,226 0,1870518
E4_Gsr 1558610524,476 0,1870518
E4_Gsr 1558610524,726 0,1870518
E4_Gsr 1558610524,976 0,1857706
E4_Hr 1558610520,10036 63,99704
E4_Ibi 1558610520,10036 0,9375434
E4_Gsr 1558610525,226 0,1870518
E4_Gsr 1558610525,476 0,1870518
E4_Gsr 1558610525,726 0,1870518
E4_Gsr 1558610525,976 0,1857706
E4_Gsr 1558610526,226 0,1896141
E4_Gsr 1558610526,476 0,1896141
E4_Hr 1558610521,02228 65,08172
E4_Ibi 1558610521,02228 0,9219179
E4_Hr 1558610521,92857 66,20383
E4_Ibi 1558610521,92857 0,9062919
E4_Gsr 1558610526,726 0,1870518
E4_Gsr 1558610526,976 0,1857706
E4_Gsr 1558610527,226 0,1857706
E4_Gsr 1558610527,476 0,1857706
E4_Gsr 1558610527,726 0,1857706
E4_Gsr 1558610527,976 0,1870518
E4_Hr 1558610522,88174 62,94791
E4_Ibi 1558610522,88174 0,9531691
E4_Hr 1558610523,85054 61,93262
E4_Ibi 1558610523,85054 0,9687948
E4_Gsr 1558610528,226 0,188333
E4_Gsr 1558610528,476 0,1870518
E4_Gsr 1558610528,726 0,1870518
E4_Gsr 1558610528,976 0,1870518
E4_Gsr 1558610529,226 0,1857706
E4_Gsr 1558610529,476 0,1857706
E4_Hr 1558610524,77246 65,08173
E4_Ibi 1558610524,77246 0,9219177
E4_Gsr 1558610529,726 0,1857706
E4_Gsr 1558610529,976 0,1857706
E4_Gsr 1558610530,226 0,1857706
E4_Gsr 1558610530,476 0,1857706
E4_Gsr 1558610530,726 0,1857706
E4_Gsr 1558610530,976 0,1857706
E4_Hr 1558610525,74125 61,93262
E4_Ibi 1558610525,74125 0,9687948
E4_Gsr 1558610531,226 0,1857706
E4_Gsr 1558610531,476 0,1832083
E4_Gsr 1558610531,726 0,1857706
E4_Gsr 1558610531,976 0,1870518
E4_Gsr 1558610532,226 0,1870518
E4_Gsr 1558610532,476 0,1857706
E4_Gsr 1558610532,726 0,188333
E4_Gsr 1558610532,976 0,1870518
E4_Gsr 1558610533,226 0,1870518
E4_Gsr 1558610533,476 0,188333
E4_Gsr 1558610533,726 0,1896141
E4_Gsr 1558610533,976 0,1870518
E4_Gsr 1558610534,226 0,1857706
E4_Gsr 1558610534,476 0,1896141
E4_Gsr 1558610534,726 0,1870518
E4_Gsr 1558610534,976 0,188333
E4_Gsr 1558610535,226 0,1870518
E4_Gsr 1558610535,476 0,1896141
E4_Gsr 1558610535,726 0,1857706
E4_Gsr 1558610535,976 0,1857706
E4_Gsr 1558610536,226 0,1857706
E4_Gsr 1558610536,476 0,1857706
E4_Gsr 1558610536,726 0,1857706
E4_Gsr 1558610536,976 0,1857706
E4_Gsr 1558610537,226 0,1857706
E4_Gsr 1558610537,476 0,1857706
E4_Gsr 1558610537,726 0,1857706
E4_Gsr 1558610537,976 0,1857706
E4_Gsr 1558610538,226 0,1857706
E4_Gsr 1558610538,476 0,1857706
E4_Gsr 1558610538,726 0,1857706
E4_Gsr 1558610538,976 0,1857706
E4_Gsr 1558610539,226 0,1857706
E4_Gsr 1558610539,476 0,1857706
E4_Gsr 1558610539,726 0,1857706
E4_Gsr 1558610539,976 0,1857706
E4_Gsr 1558610540,226 0,1857706
E4_Gsr 1558610540,476 0,1844894
E4_Gsr 1558610540,726 0,188333
E4_Gsr 1558610540,976 0,188333
E4_Gsr 1558610541,226 0,188333
E4_Gsr 1558610541,476 0,188333
E4_Gsr 1558610541,726 0,188333
E4_Gsr 1558610541,976 0,188333
E4_Gsr 1558610542,226 0,188333
E4_Gsr 1558610542,476 0,1896141
E4_Gsr 1558610542,726 0,1857706
E4_Gsr 1558610542,976 0,188333
E4_Gsr 1558610543,226 0,1870518
E4_Gsr 1558610543,476 0,1870518
E4_Gsr 1558610543,726 0,1896141
E4_Gsr 1558610543,976 0,1870518
E4_Gsr 1558610544,226 0,1870518
E4_Gsr 1558610544,476 0,1857706
E4_Gsr 1558610544,726 0,1870518
E4_Gsr 1558610544,976 0,1857706
E4_Gsr 1558610545,226 0,1832083
E4_Gsr 1558610545,476 0,1857706
E4_Gsr 1558610545,726 0,1857706
E4_Gsr 1558610545,976 0,1857706
E4_Hr 1558610541,77324 59,07419
E4_Ibi 1558610541,77324 1,015672
E4_Gsr 1558610546,226 0,1844894
E4_Gsr 1558610546,476 0,1857706
E4_Gsr 1558610546,726 0,1857706
E4_Gsr 1558610546,976 0,1844894
E4_Gsr 1558610547,226 0,1844894
E4_Gsr 1558610547,476 0,1844894
E4_Hr 1558610542,80454 58,17912
E4_Ibi 1558610542,80454 1,031298
E4_Gsr 1558610547,726 0,1844894
E4_Gsr 1558610547,976 0,1819271
E4_Gsr 1558610548,226 0,1870518
E4_Gsr 1558610548,476 0,188333
E4_Gsr 1558610548,726 0,188333
E4_Gsr 1558610548,976 0,1857706
E4_Hr 1558610543,82021 59,07419
E4_Ibi 1558610543,82021 1,015672
E4_Hr 1558610544,74213 65,08173
E4_Ibi 1558610544,74213 0,9219177
E4_Gsr 1558610549,226 0,188333
E4_Gsr 1558610549,476 0,188333
E4_Gsr 1558610549,726 0,1896141
E4_Gsr 1558610549,976 0,188333
E4_Gsr 1558610550,226 0,1896141
E4_Gsr 1558610550,476 0,1870518
E4_Hr 1558610545,71093 61,93262
E4_Ibi 1558610545,71093 0,9687948
E4_Gsr 1558610550,726 0,1870518
E4_Gsr 1558610550,976 0,1870518
E4_Gsr 1558610551,226 0,188333
E4_Gsr 1558610551,476 0,188333
E4_Gsr 1558610551,726 0,188333
E4_Gsr 1558610551,976 0,188333
E4_Hr 1558610546,69535 60,94955
E4_Ibi 1558610546,69535 0,9844208
E4_Hr 1558610547,67977 60,94956
E4_Ibi 1558610547,67977 0,9844205
E4_Gsr 1558610552,226 0,1870518
E4_Gsr 1558610552,476 0,1896141
E4_Gsr 1558610552,726 0,1870518
E4_Gsr 1558610552,976 0,1870518
E4_Gsr 1558610553,226 0,1870518
E4_Gsr 1558610553,476 0,1844894
E4_Hr 1558610548,58606 66,20383
E4_Ibi 1558610548,58606 0,9062919
E4_Gsr 1558610553,726 0,1870518
E4_Gsr 1558610553,976 0,1870518
E4_Gsr 1558610554,226 0,1870518
E4_Gsr 1558610554,476 0,1870518
E4_Gsr 1558610554,726 0,1870518
E4_Gsr 1558610554,976 0,1857706
E4_Hr 1558610549,53923 62,94791
E4_Ibi 1558610549,53923 0,9531691
E4_Hr 1558610550,4924 62,94791
E4_Ibi 1558610550,4924 0,9531691
E4_Gsr 1558610555,226 0,1857706
E4_Gsr 1558610555,476 0,1896141
E4_Gsr 1558610555,726 0,1896141
E4_Gsr 1558610555,976 0,1896141
E4_Gsr 1558610556,226 0,188333
E4_Gsr 1558610556,476 0,1896141
E4_Hr 1558610551,27368 76,79644
E4_Ibi 1558610551,27368 0,7812862
E4_Gsr 1558610556,726 0,188333
E4_Gsr 1558610556,976 0,1896141
E4_Gsr 1558610557,226 0,1896141
E4_Gsr 1558610557,476 0,1896141
E4_Gsr 1558610557,726 0,1908953
E4_Gsr 1558610557,976 0,1896141
E4_Hr 1558610552,27373 59,99723
E4_Ibi 1558610552,27373 1,000046
E4_Gsr 1558610558,226 0,1908953
E4_Gsr 1558610558,476 0,1908953
E4_Gsr 1558610558,726 0,188333
E4_Gsr 1558610558,976 0,1857706
E4_Gsr 1558610559,226 0,188333
E4_Gsr 1558610559,476 0,188333
E4_Gsr 1558610559,726 0,188333
E4_Gsr 1558610559,976 0,188333
E4_Gsr 1558610560,226 0,1870518
E4_Gsr 1558610560,476 0,1870518
E4_Gsr 1558610560,726 0,1870518
E4_Gsr 1558610560,976 0,1870518
E4_Gsr 1558610561,226 0,1870518
E4_Gsr 1558610561,476 0,188333
E4_Gsr 1558610561,726 0,1857706
E4_Gsr 1558610561,976 0,1870518
E4_Gsr 1558610562,226 0,1870518
E4_Gsr 1558610562,476 0,1870518
E4_Gsr 1558610562,726 0,1870518
E4_Gsr 1558610562,976 0,1857706
E4_Gsr 1558610563,226 0,188333
E4_Gsr 1558610563,476 0,1896141
E4_Gsr 1558610563,726 0,188333
E4_Gsr 1558610563,976 0,188333
E4_Hr 1558610559,3053 61,93262
E4_Ibi 1558610559,3053 0,9687948
E4_Gsr 1558610564,226 0,188333
E4_Gsr 1558610564,476 0,1870518
E4_Gsr 1558610564,726 0,188333
E4_Gsr 1558610564,976 0,1896141
E4_Gsr 1558610565,226 0,188333
E4_Gsr 1558610565,476 0,188333
E4_Hr 1558610560,28973 60,94956
E4_Ibi 1558610560,28973 0,9844205
E4_Hr 1558610561,3054 59,07418
E4_Ibi 1558610561,3054 1,015672
E4_Gsr 1558610565,726 0,1896141
E4_Gsr 1558610565,976 0,1896141
E4_Gsr 1558610566,226 0,188333
E4_Gsr 1558610566,476 0,188333
E4_Gsr 1558610566,726 0,188333
E4_Gsr 1558610566,976 0,188333
E4_Hr 1558610562,22732 65,08173
E4_Ibi 1558610562,22732 0,9219177
E4_Gsr 1558610567,226 0,1844894
E4_Gsr 1558610567,476 0,188333
E4_Gsr 1558610567,726 0,1896141
E4_Gsr 1558610567,976 0,1870518
E4_Gsr 1558610568,226 0,1896141
E4_Gsr 1558610568,476 0,188333
E4_Hr 1558610563,18048 62,94791
E4_Ibi 1558610563,18048 0,9531691
E4_Hr 1558610564,14928 61,93262
E4_Ibi 1558610564,14928 0,9687948
E4_Gsr 1558610568,726 0,188333
E4_Gsr 1558610568,976 0,188333
E4_Gsr 1558610569,226 0,1870518
E4_Gsr 1558610569,476 0,1870518
E4_Gsr 1558610569,726 0,1870518
E4_Gsr 1558610569,976 0,1857706
E4_Hr 1558610565,10245 62,94791
E4_Ibi 1558610565,10245 0,9531691
E4_Gsr 1558610570,226 0,1870518
E4_Gsr 1558610570,476 0,188333
E4_Gsr 1558610570,726 0,1870518
E4_Gsr 1558610570,976 0,1870518
E4_Gsr 1558610571,226 0,1908953
E4_Gsr 1558610571,476 0,1921765
E4_Hr 1558610566,00874 66,20383
E4_Ibi 1558610566,00874 0,9062919
E4_Hr 1558610566,99316 60,94956
E4_Ibi 1558610566,99316 0,9844205
E4_Gsr 1558610571,726 0,1908953
E4_Gsr 1558610571,976 0,188333
E4_Gsr 1558610572,226 0,1908953
E4_Gsr 1558610572,476 0,1896141
E4_Gsr 1558610572,726 0,188333
E4_Gsr 1558610572,976 0,1896141
E4_Acc 1558610573,78839 1 64 2
E4_Acc 1558610573,81964 1 64 2
E4_Acc 1558610573,85089 1 64 2
E4_Acc 1558610573,88214 1 64 1
E4_Acc 1558610573,91339 1 64 1
E4_Hr 1558610567,97758 60,94955
E4_Ibi 1558610567,97758 0,9844208
E4_Acc 1558610573,94465 1 64 2
E4_Acc 1558610573,9759 1 64 2
E4_Acc 1558610574,00715 1 64 2
E4_Acc 1558610574,0384 1 64 2
E4_Acc 1558610574,06965 1 64 2
E4_Acc 1558610574,1009 1 64 2
E4_Acc 1558610574,13215 1 64 2
E4_Acc 1558610574,16341 1 64 2
E4_Acc 1558610574,19466 1 64 2
E4_Acc 1558610574,22591 1 64 2
E4_Acc 1558610574,25716 1 64 2
E4_Acc 1558610574,28841 1 64 2
E4_Acc 1558610574,31966 1 64 2
E4_Acc 1558610574,35091 1 64 2
E4_Acc 1558610574,38217 1 64 2
E4_Acc 1558610574,41342 1 64 2
E4_Acc 1558610574,44467 1 64 2
E4_Acc 1558610574,47592 1 64 2
E4_Acc 1558610574,50717 1 65 1
E4_Acc 1558610574,53842 1 64 1
E4_Acc 1558610574,56967 1 64 1
E4_Acc 1558610574,60093 1 64 2
E4_Acc 1558610574,63218 1 64 3
E4_Acc 1558610574,66343 1 64 2
E4_Acc 1558610574,69468 0 65 2
E4_Acc 1558610574,72593 1 64 2
E4_Acc 1558610574,75718 0 64 2
E4_Acc 1558610574,78843 0 64 1
E4_Acc 1558610574,81969 1 64 2
E4_Acc 1558610574,85094 1 64 2
E4_Gsr 1558610573,226 0,1908953
E4_Gsr 1558610573,476 0,1921765
E4_Gsr 1558610573,726 0,1896141
E4_Gsr 1558610573,976 0,1896141
E4_Gsr 1558610574,226 0,1921765
E4_Gsr 1558610574,476 0,1908953
E4_Hr 1558610568,93075 62,94791
E4_Ibi 1558610568,93075 0,9531691
E4_Acc 1558610574,88219 0 65 2
E4_Acc 1558610574,91344 0 64 1
E4_Acc 1558610574,94469 0 64 1
E4_Acc 1558610574,97594 0 64 1
E4_Acc 1558610575,0072 1 64 2
E4_Acc 1558610575,03845 1 64 1
E4_Acc 1558610575,0697 0 64 2
E4_Acc 1558610575,10095 1 64 2
E4_Acc 1558610575,1322 0 64 1
E4_Acc 1558610575,16345 0 64 1
E4_Acc 1558610575,1947 0 64 1
E4_Acc 1558610575,22596 0 64 1
E4_Acc 1558610575,25721 0 64 1
E4_Acc 1558610575,28846 0 64 1
E4_Acc 1558610575,31971 0 64 1
E4_Acc 1558610575,35096 0 64 1
E4_Acc 1558610575,38221 0 64 1
E4_Acc 1558610575,41346 0 64 2
E4_Acc 1558610575,44472 0 64 2
E4_Acc 1558610575,47597 1 64 2
E4_Acc 1558610575,50722 0 64 1
E4_Acc 1558610575,53847 1 64 2
E4_Acc 1558610575,56972 0 64 2
E4_Acc 1558610575,60097 0 64 2
E4_Acc 1558610575,63222 0 64 1
E4_Acc 1558610575,66348 0 64 1
E4_Acc 1558610575,69473 1 64 1
E4_Acc 1558610575,72598 0 64 2
E4_Acc 1558610575,75723 1 64 1
E4_Acc 1558610575,78848 1 64 2
E4_Acc 1558610575,81973 0 64 2
E4_Acc 1558610575,85098 1 64 1
E4_Acc 1558610575,88224 0 64 1
E4_Acc 1558610575,91349 0 64 1
E4_Acc 1558610575,94474 0 64 2
E4_Acc 1558610575,97599 0 64 1
E4_Hr 1558610569,96205 58,17913
E4_Ibi 1558610569,96205 1,031298
E4_Acc 1558610576,00724 0 64 1
E4_Acc 1558610576,03849 0 64 2
E4_Acc 1558610576,06974 0 64 1
E4_Acc 1558610576,101 1 64 1
E4_Acc 1558610576,13225 1 64 1
E4_Acc 1558610576,1635 0 64 1
E4_Acc 1558610576,19475 0 64 1
E4_Acc 1558610576,226 0 64 1
E4_Acc 1558610576,25725 0 64 1
E4_Acc 1558610576,2885 0 64 2
E4_Acc 1558610576,31976 0 64 2
E4_Acc 1558610576,35101 1 64 2
E4_Gsr 1558610574,726 0,1896141
E4_Gsr 1558610574,976 0,1908953
E4_Gsr 1558610575,226 0,188333
E4_Gsr 1558610575,476 0,188333
E4_Gsr 1558610575,726 0,188333
E4_Gsr 1558610575,976 0,1908953
E4_Acc 1558610576,38226 0 64 1
E4_Acc 1558610576,41351 0 64 1
E4_Acc 1558610576,44476 0 64 1
E4_Acc 1558610576,47601 0 64 1
E4_Acc 1558610576,50726 0 64 1
E4_Acc 1558610576,53852 0 64 2
E4_Acc 1558610576,56977 1 64 1
E4_Acc 1558610576,60102 1 64 1
E4_Acc 1558610576,63227 1 64 1
E4_Acc 1558610576,66352 0 64 1
E4_Acc 1558610576,69477 0 64 1
E4_Acc 1558610576,72602 0 64 2
E4_Acc 1558610576,75728 1 64 1
E4_Acc 1558610576,78853 0 64 1
E4_Acc 1558610576,81978 1 64 1
E4_Acc 1558610576,85103 0 64 1
E4_Acc 1558610576,88228 0 64 1
E4_Acc 1558610576,91353 0 64 1
E4_Hr 1558610571,00897 57,31078
E4_Ibi 1558610571,00897 1,046923
E4_Acc 1558610576,94478 1 64 2
E4_Acc 1558610576,97604 0 64 1
E4_Acc 1558610577,00729 1 64 1
E4_Acc 1558610577,03854 0 64 1
E4_Acc 1558610577,06979 0 64 1
E4_Acc 1558610577,10104 0 64 1
E4_Acc 1558610577,13229 1 64 2
E4_Acc 1558610577,16354 0 64 1
E4_Acc 1558610577,1948 0 64 1
E4_Acc 1558610577,22605 0 64 2
E4_Acc 1558610577,2573 1 65 1
E4_Acc 1558610577,28855 0 64 1
E4_Acc 1558610577,3198 0 64 1
E4_Acc 1558610577,35105 0 64 1
E4_Acc 1558610577,3823 1 64 2
E4_Acc 1558610577,41356 1 64 1
E4_Acc 1558610577,44481 0 64 2
E4_Acc 1558610577,47606 1 64 2
E4_Acc 1558610577,50731 1 64 1
E4_Acc 1558610577,53856 0 64 1
E4_Acc 1558610577,56981 0 64 1
E4_Acc 1558610577,60106 0 64 2
E4_Acc 1558610577,63232 0 64 1
E4_Acc 1558610577,66357 1 64 1
E4_Acc 1558610577,69482 0 64 1
E4_Acc 1558610577,72607 1 64 1
E4_Acc 1558610577,75732 0 64 1
E4_Acc 1558610577,78857 0 64 1
E4_Acc 1558610577,81983 0 64 1
E4_Acc 1558610577,85108 1 65 2
E4_Gsr 1558610576,226 0,188333
E4_Gsr 1558610576,476 0,1870518
E4_Gsr 1558610576,726 0,188333
E4_Gsr 1558610576,976 0,1896141
E4_Gsr 1558610577,226 0,1896141
E4_Gsr 1558610577,476 0,1896141
E4_Hr 1558610571,94652 63,99702
E4_Ibi 1558610571,94652 0,9375436
E4_Acc 1558610577,88233 0 64 1
E4_Acc 1558610577,91358 0 64 1
E4_Acc 1558610577,94483 0 64 1
E4_Acc 1558610577,97608 1 64 1
E4_Acc 1558610578,00733 0 64 1
E4_Acc 1558610578,03859 1 64 1
E4_Acc 1558610578,06984 0 64 2
E4_Acc 1558610578,10109 0 64 2
E4_Acc 1558610578,13234 0 64 1
E4_Acc 1558610578,16359 0 64 2
E4_Acc 1558610578,19484 0 64 2
E4_Acc 1558610578,22609 1 64 2
E4_Acc 1558610578,25735 0 65 1
E4_Acc 1558610578,2886 0 65 2
E4_Acc 1558610578,31985 0 64 1
E4_Acc 1558610578,3511 1 64 1
E4_Acc 1558610578,38235 0 64 1
E4_Acc 1558610578,4136 0 64 1
E4_Acc 1558610578,44485 1 64 2
E4_Acc 1558610578,47611 1 64 1
E4_Acc 1558610578,50736 1 64 1
E4_Acc 1558610578,53861 2 65 1
E4_Acc 1558610578,56986 3 64 2
E4_Acc 1558610578,60111 2 65 0
E4_Hr 1558610572,85281 66,20383
E4_Ibi 1558610572,85281 0,9062919
E4_Acc 1558610578,63236 1 65 0
E4_Acc 1558610578,66361 -2 64 3
E4_Acc 1558610578,69487 -5 64 3
E4_Acc 1558610578,72612 -5 64 3
E4_Acc 1558610578,75737 -5 65 1
E4_Acc 1558610578,78862 -4 64 -1
E4_Acc 1558610578,81987 -4 65 1
E4_Acc 1558610578,85112 -3 64 2
E4_Acc 1558610578,88237 -2 64 3
E4_Acc 1558610578,91363 -2 64 3
E4_Acc 1558610578,94488 0 65 1
E4_Acc 1558610578,97613 -1 65 0
E4_Acc 1558610579,00738 -5 64 1
E4_Acc 1558610579,03863 -7 64 0
E4_Acc 1558610579,06988 -7 65 -2
E4_Acc 1558610579,10113 -1 64 3
E4_Acc 1558610579,13239 9 66 10
E4_Acc 1558610579,16364 6 67 -9
E4_Acc 1558610579,19489 12 63 -5
E4_Acc 1558610579,22614 27 54 18
E4_Acc 1558610579,25739 19 55 12
E4_Acc 1558610579,28864 28 45 33
E4_Acc 1558610579,31989 36 41 50
E4_Acc 1558610579,35115 11 46 28
E4_Gsr 1558610577,726 0,1896141
E4_Gsr 1558610577,976 0,1908953
E4_Gsr 1558610578,226 0,188333
E4_Gsr 1558610578,476 0,1896141
E4_Gsr 1558610578,726 0,1870518
E4_Gsr 1558610578,976 0,1870518
E4_Acc 1558610579,3824 36 41 47
E4_Acc 1558610579,41365 35 42 43
E4_Acc 1558610579,4449 31 43 37
E4_Acc 1558610579,47615 33 41 38
E4_Acc 1558610579,5074 33 38 33
E4_Acc 1558610579,53865 40 40 37
E4_Acc 1558610579,56991 41 36 40
E4_Acc 1558610579,60116 42 40 32
E4_Acc 1558610579,63241 38 40 25
E4_Acc 1558610579,66366 40 40 24
E4_Acc 1558610579,69491 46 37 23
E4_Acc 1558610579,72616 47 44 19
E4_Acc 1558610579,75741 45 44 19
E4_Acc 1558610579,78867 39 41 19
E4_Acc 1558610579,81992 37 40 18
E4_Acc 1558610579,85117 42 44 14
E4_Acc 1558610579,88242 43 44 14
E4_Acc 1558610579,91367 43 44 18
E4_Acc 1558610579,94492 44 44 20
E4_Acc 1558610579,97617 43 43 17
E4_Acc 1558610580,00743 43 46 16
E4_Acc 1558610580,03868 40 45 15
E4_Acc 1558610580,06993 42 46 17
E4_Acc 1558610580,10118 44 48 18
E4_Acc 1558610580,13243 45 46 15
E4_Acc 1558610580,16368 45 43 15
E4_Acc 1558610580,19494 44 40 18
E4_Acc 1558610580,22619 40 40 20
E4_Acc 1558610580,25744 49 42 18
E4_Acc 1558610580,28869 46 40 19
E4_Acc 1558610580,31994 36 42 20
E4_Acc 1558610580,35119 44 44 20
E4_Acc 1558610580,38244 43 43 18
E4_Acc 1558610580,4137 41 46 15
E4_Acc 1558610580,44495 40 44 22
E4_Acc 1558610580,4762 39 45 24
E4_Acc 1558610580,50745 36 44 23
E4_Acc 1558610580,5387 41 47 20
E4_Acc 1558610580,56995 37 49 23
E4_Acc 1558610580,6012 31 47 23
E4_Acc 1558610580,63246 42 45 28
E4_Acc 1558610580,66371 43 43 27
E4_Acc 1558610580,69496 32 40 27
E4_Acc 1558610580,72621 28 43 32
E4_Acc 1558610580,75746 36 44 30
E4_Acc 1558610580,78871 33 44 22
E4_Acc 1558610580,81996 35 42 26
E4_Acc 1558610580,85122 35 36 36
E4_Gsr 1558610579,226 0,1870518
E4_Gsr 1558610579,476 0,1857706
E4_Gsr 1558610579,726 0,1857706
E4_Gsr 1558610579,976 0,1857706
E4_Gsr 1558610580,226 0,1870518
E4_Gsr 1558610580,476 0,1870518
E4_Acc 1558610580,88247 35 32 36
E4_Acc 1558610580,91372 30 23 31
E4_Acc 1558610580,94497 28 21 30
E4_Acc 1558610580,97622 33 27 32
E4_Acc 1558610581,00747 23 26 30
E4_Acc 1558610581,03872 19 27 26
E4_Acc 1558610581,06998 20 26 26
E4_Acc 1558610581,10123 36 25 28
E4_Acc 1558610581,13248 42 34 29
E4_Acc 1558610581,16373 28 34 26
E4_Acc 1558610581,19498 47 28 31
E4_Acc 1558610581,22623 58 32 36
E4_Acc 1558610581,25748 34 33 32
E4_Acc 1558610581,28874 47 24 43
E4_Acc 1558610581,31999 44 25 43
E4_Acc 1558610581,35124 39 21 49
E4_Acc 1558610581,38249 50 14 60
E4_Acc 1558610581,41374 43 12 58
E4_Acc 1558610581,44499 43 8 54
E4_Acc 1558610581,47624 58 0 67
E4_Acc 1558610581,5075 48 -1 59
E4_Acc 1558610581,53875 37 0 48
E4_Acc 1558610581,57 42 -8 48
E4_Acc 1558610581,60125 42 -12 46
E4_Acc 1558610581,6325 36 -17 49
E4_Acc 1558610581,66375 30 -22 54
E4_Acc 1558610581,695 39 -27 67
E4_Acc 1558610581,72626 40 -26 58
E4_Acc 1558610581,75751 47 -27 53
E4_Acc 1558610581,78876 38 -21 48
E4_Acc 1558610581,82001 35 -18 47
E4_Acc 1558610581,85126 35 -16 40
E4_Acc 1558610581,88251 37 -18 43
E4_Acc 1558610581,91376 40 -20 44
E4_Acc 1558610581,94502 40 -21 43
E4_Acc 1558610581,97627 42 -23 44
E4_Acc 1558610582,00752 41 -21 45
E4_Acc 1558610582,03877 40 -20 45
E4_Acc 1558610582,07002 42 -16 43
E4_Acc 1558610582,10127 46 -15 40
E4_Acc 1558610582,13252 47 -14 47
E4_Acc 1558610582,16378 42 -12 48
E4_Acc 1558610582,19503 39 -6 44
E4_Acc 1558610582,22628 39 -5 41
E4_Acc 1558610582,25753 44 -11 47
E4_Acc 1558610582,28878 43 -12 45
E4_Acc 1558610582,32003 41 -13 43
E4_Acc 1558610582,35128 38 -15 41
E4_Gsr 1558610580,726 0,1844894
E4_Gsr 1558610580,976 0,1857706
E4_Gsr 1558610581,226 0,1896141
E4_Gsr 1558610581,476 0,1896141
E4_Gsr 1558610581,726 0,188333
E4_Gsr 1558610581,976 0,1896141
E4_Acc 1558610582,38254 39 -16 43
E4_Acc 1558610582,41379 40 -14 41
E4_Acc 1558610582,44504 40 -15 40
E4_Acc 1558610582,47629 43 -17 40
E4_Acc 1558610582,50754 41 -17 39
E4_Acc 1558610582,53879 41 -17 40
E4_Acc 1558610582,57004 46 -17 43
E4_Acc 1558610582,6013 46 -16 43
E4_Acc 1558610582,63255 44 -16 41
E4_Acc 1558610582,6638 43 -14 41
E4_Acc 1558610582,69505 42 -14 42
E4_Acc 1558610582,7263 42 -14 43
E4_Acc 1558610582,75755 43 -14 44
E4_Acc 1558610582,78881 44 -14 42
E4_Acc 1558610582,82006 44 -13 43
E4_Acc 1558610582,85131 43 -13 44
E4_Acc 1558610582,88256 43 -13 44
E4_Acc 1558610582,91381 42 -14 42
E4_Acc 1558610582,94506 42 -14 43
E4_Acc 1558610582,97631 43 -15 44
E4_Acc 1558610583,00757 42 -15 44
E4_Acc 1558610583,03882 43 -14 43
E4_Acc 1558610583,07007 42 -14 42
E4_Acc 1558610583,10132 41 -15 43
E4_Acc 1558610583,13257 42 -15 42
E4_Acc 1558610583,16382 43 -14 43
E4_Acc 1558610583,19507 43 -13 43
E4_Acc 1558610583,22633 43 -13 42
E4_Acc 1558610583,25758 42 -14 43
E4_Acc 1558610583,28883 42 -15 43
E4_Acc 1558610583,32008 42 -16 43
E4_Acc 1558610583,35133 42 -15 42
E4_Acc 1558610583,38258 42 -15 42
E4_Acc 1558610583,41383 42 -15 42
E4_Acc 1558610583,44509 42 -15 42
E4_Acc 1558610583,47634 42 -15 42
E4_Acc 1558610583,50759 42 -15 43
E4_Acc 1558610583,53884 42 -15 43
E4_Acc 1558610583,57009 42 -15 43
E4_Acc 1558610583,60134 42 -15 43
E4_Acc 1558610583,63259 42 -15 43
E4_Acc 1558610583,66385 42 -15 43
E4_Acc 1558610583,6951 43 -15 42
E4_Acc 1558610583,72635 42 -15 42
E4_Acc 1558610583,7576 43 -15 43
E4_Acc 1558610583,78885 42 -15 42
E4_Acc 1558610583,8201 42 -15 43
E4_Acc 1558610583,85135 42 -15 42
E4_Gsr 1558610582,226 0,1896141
E4_Gsr 1558610582,476 0,188333
E4_Gsr 1558610582,726 0,1896141
E4_Gsr 1558610582,976 0,1896141
E4_Gsr 1558610583,226 0,1908953
E4_Gsr 1558610583,476 0,1896141
E4_Acc 1558610583,88261 42 -15 43
E4_Acc 1558610583,91386 42 -15 43
E4_Acc 1558610583,94511 43 -15 43
E4_Acc 1558610583,97636 42 -15 42
E4_Acc 1558610584,00761 42 -15 43
E4_Acc 1558610584,03886 42 -15 42
E4_Acc 1558610584,07011 42 -15 42
E4_Acc 1558610584,10137 42 -15 43
E4_Acc 1558610584,13262 42 -16 43
E4_Acc 1558610584,16387 42 -16 42
E4_Acc 1558610584,19512 42 -16 42
E4_Acc 1558610584,22637 42 -16 42
E4_Acc 1558610584,25762 42 -15 43
E4_Acc 1558610584,28887 42 -15 43
E4_Acc 1558610584,32013 42 -15 43
E4_Acc 1558610584,35138 42 -15 42
E4_Acc 1558610584,38263 42 -15 43
E4_Acc 1558610584,41388 42 -15 42
E4_Acc 1558610584,44513 42 -16 42
E4_Acc 1558610584,47638 42 -16 42
E4_Acc 1558610584,50763 42 -15 42
E4_Acc 1558610584,53889 42 -15 43
E4_Acc 1558610584,57014 42 -15 43
E4_Acc 1558610584,60139 42 -15 42
E4_Acc 1558610584,63264 42 -15 42
E4_Acc 1558610584,66389 42 -16 42
E4_Acc 1558610584,69514 42 -16 42
E4_Acc 1558610584,72639 42 -16 42
E4_Acc 1558610584,75765 42 -15 42
E4_Acc 1558610584,7889 42 -15 42
E4_Acc 1558610584,82015 42 -15 43
E4_Acc 1558610584,8514 42 -15 43
E4_Acc 1558610584,88265 42 -15 43
E4_Acc 1558610584,9139 42 -15 42
E4_Acc 1558610584,94515 42 -15 42
E4_Acc 1558610584,97641 42 -15 43
E4_Acc 1558610585,00766 42 -15 42
E4_Acc 1558610585,03891 42 -15 42
E4_Acc 1558610585,07016 42 -15 42
E4_Acc 1558610585,10141 42 -15 42
E4_Acc 1558610585,13266 42 -15 42
E4_Acc 1558610585,16392 42 -15 42
E4_Acc 1558610585,19517 42 -15 42
E4_Acc 1558610585,22642 42 -15 43
E4_Acc 1558610585,25767 42 -15 42
E4_Acc 1558610585,28892 42 -15 43
E4_Acc 1558610585,32017 42 -15 42
E4_Acc 1558610585,35142 42 -15 42
E4_Gsr 1558610583,726 0,188333
E4_Gsr 1558610583,976 0,1896141
E4_Gsr 1558610584,226 0,1921765
E4_Gsr 1558610584,476 0,1896141
E4_Gsr 1558610584,726 0,1908953
E4_Gsr 1558610584,976 0,1896141
E4_Acc 1558610585,38268 42 -15 42
E4_Acc 1558610585,41393 42 -15 42
E4_Acc 1558610585,44518 42 -15 42
E4_Acc 1558610585,47643 42 -15 42
E4_Acc 1558610585,50768 42 -15 43
E4_Acc 1558610585,53893 42 -15 42
E4_Acc 1558610585,57018 42 -15 42
E4_Acc 1558610585,60144 42 -15 43
E4_Acc 1558610585,63269 42 -15 43
E4_Acc 1558610585,66394 42 -15 42
E4_Acc 1558610585,69519 42 -15 42
E4_Acc 1558610585,72644 43 -15 42
E4_Acc 1558610585,75769 42 -15 42
E4_Acc 1558610585,78894 42 -15 42
E4_Acc 1558610585,8202 43 -15 42
E4_Acc 1558610585,85145 42 -15 42
E4_Acc 1558610585,8827 42 -15 42
E4_Acc 1558610585,91395 42 -15 42
E4_Acc 1558610585,9452 43 -15 42
E4_Acc 1558610585,97645 43 -15 42
E4_Acc 1558610586,0077 42 -15 42
E4_Acc 1558610586,03896 43 -15 42
E4_Acc 1558610586,07021 43 -15 42
E4_Acc 1558610586,10146 42 -15 42
E4_Acc 1558610586,13271 42 -15 42
E4_Acc 1558610586,16396 43 -15 43
E4_Acc 1558610586,19521 43 -15 42
E4_Acc 1558610586,22646 43 -15 42
E4_Acc 1558610586,25772 42 -15 42
E4_Acc 1558610586,28897 43 -15 42
E4_Acc 1558610586,32022 42 -15 42
E4_Acc 1558610586,35147 42 -15 42
E4_Acc 1558610586,38272 42 -15 42
E4_Acc 1558610586,41397 42 -15 42
E4_Acc 1558610586,44522 42 -15 42
E4_Acc 1558610586,47648 42 -15 43
E4_Acc 1558610586,50773 42 -15 42
E4_Acc 1558610586,53898 43 -15 42
E4_Acc 1558610586,57023 42 -15 42
E4_Acc 1558610586,60148 42 -15 42
E4_Acc 1558610586,63273 43 -15 42
E4_Acc 1558610586,66398 43 -15 42
E4_Acc 1558610586,69524 43 -15 42
E4_Acc 1558610586,72649 42 -15 42
E4_Acc 1558610586,75774 42 -15 42
E4_Acc 1558610586,78899 43 -15 42
E4_Acc 1558610586,82024 43 -15 42
E4_Acc 1558610586,85149 42 -15 42
E4_Gsr 1558610585,226 0,1896141
E4_Gsr 1558610585,476 0,1896141
E4_Gsr 1558610585,726 0,1896141
E4_Gsr 1558610585,976 0,188333
E4_Gsr 1558610586,226 0,1870518
E4_Gsr 1558610586,476 0,1857706
E4_Acc 1558610586,88274 43 -15 42
E4_Acc 1558610586,914 43 -15 42
E4_Acc 1558610586,94525 42 -15 42
E4_Acc 1558610586,9765 42 -15 43
E4_Acc 1558610587,00775 43 -15 42
E4_Acc 1558610587,039 43 -15 42
E4_Acc 1558610587,07025 42 -15 42
E4_Acc 1558610587,1015 42 -15 42
E4_Acc 1558610587,13276 43 -15 42
E4_Acc 1558610587,16401 42 -15 42
E4_Acc 1558610587,19526 42 -15 42
E4_Acc 1558610587,22651 42 -15 42
E4_Acc 1558610587,25776 43 -15 42
E4_Acc 1558610587,28901 43 -15 42
E4_Acc 1558610587,32027 43 -15 42
E4_Acc 1558610587,35152 42 -15 42
E4_Acc 1558610587,38277 43 -15 42
E4_Acc 1558610587,41402 43 -15 42
E4_Acc 1558610587,44527 43 -15 42
E4_Acc 1558610587,47652 43 -15 42
E4_Acc 1558610587,50777 43 -15 42
E4_Acc 1558610587,53903 42 -15 42
E4_Acc 1558610587,57028 43 -15 42
E4_Acc 1558610587,60153 43 -15 42
E4_Acc 1558610587,63278 42 -15 42
E4_Acc 1558610587,66403 43 -15 42
E4_Acc 1558610587,69528 42 -15 42
E4_Acc 1558610587,72653 42 -15 42
E4_Acc 1558610587,75779 43 -15 43
E4_Acc 1558610587,78904 43 -15 42
E4_Acc 1558610587,82029 42 -15 42
E4_Acc 1558610587,85154 42 -15 43
E4_Acc 1558610587,88279 42 -15 42
E4_Acc 1558610587,91404 43 -15 42
E4_Acc 1558610587,94529 42 -15 42
E4_Acc 1558610587,97655 42 -15 42
E4_Acc 1558610588,0078 43 -15 42
E4_Acc 1558610588,03905 43 -15 42
E4_Acc 1558610588,0703 42 -15 42
E4_Acc 1558610588,10155 42 -15 42
E4_Acc 1558610588,1328 42 -15 42
E4_Acc 1558610588,16405 42 -15 42
E4_Acc 1558610588,19531 42 -15 42
E4_Acc 1558610588,22656 42 -15 42
E4_Acc 1558610588,25781 42 -15 42
E4_Acc 1558610588,28906 42 -15 42
E4_Acc 1558610588,32031 42 -15 42
E4_Acc 1558610588,35156 42 -15 42
E4_Gsr 1558610586,726 0,188333
E4_Gsr 1558610586,976 0,188333
E4_Gsr 1558610587,226 0,1870518
E4_Gsr 1558610587,476 0,1870518
E4_Gsr 1558610587,726 0,1870518
E4_Gsr 1558610587,976 0,1870518
E4_Acc 1558610588,38281 42 -15 42
E4_Acc 1558610588,41407 42 -15 42
E4_Acc 1558610588,44532 42 -15 42
E4_Acc 1558610588,47657 42 -15 42
E4_Acc 1558610588,50782 43 -15 42
E4_Acc 1558610588,53907 43 -15 42
E4_Acc 1558610588,57032 42 -15 42
E4_Acc 1558610588,60157 42 -15 42
E4_Acc 1558610588,63283 42 -15 42
E4_Acc 1558610588,66408 43 -15 42
E4_Acc 1558610588,69533 42 -15 42
E4_Acc 1558610588,72658 43 -15 42
E4_Acc 1558610588,75783 43 -15 42
E4_Acc 1558610588,78908 42 -15 42
E4_Acc 1558610588,82033 42 -15 42
E4_Acc 1558610588,85159 43 -15 42
E4_Acc 1558610588,88284 42 -15 42
E4_Acc 1558610588,91409 42 -15 42
E4_Acc 1558610588,94534 43 -15 42
E4_Acc 1558610588,97659 43 -15 42
E4_Acc 1558610589,00784 42 -15 42
E4_Acc 1558610589,03909 43 -14 42
E4_Acc 1558610589,07035 43 -15 42
E4_Acc 1558610589,1016 43 -15 42
E4_Hr 1558610583,35329 72,44949
E4_Ibi 1558610583,35329 0,8281631
E4_Acc 1558610589,13285 43 -14 42
E4_Acc 1558610589,1641 43 -14 42
E4_Acc 1558610589,19535 43 -14 42
E4_Acc 1558610589,2266 43 -14 42
E4_Acc 1558610589,25785 43 -14 42
E4_Acc 1558610589,28911 43 -14 42
E4_Acc 1558610589,32036 43 -14 42
E4_Acc 1558610589,35161 43 -14 42
E4_Acc 1558610589,38286 43 -14 42
E4_Acc 1558610589,41411 43 -14 42
E4_Acc 1558610589,44536 43 -14 42
E4_Acc 1558610589,47661 43 -14 42
E4_Acc 1558610589,50787 43 -14 42
E4_Acc 1558610589,53912 43 -14 42
E4_Acc 1558610589,57037 43 -15 42
E4_Acc 1558610589,60162 43 -15 42
E4_Acc 1558610589,63287 43 -15 42
E4_Acc 1558610589,66412 43 -15 43
E4_Acc 1558610589,69537 42 -15 43
E4_Acc 1558610589,72663 42 -16 42
E4_Acc 1558610589,75788 42 -16 42
E4_Acc 1558610589,78913 42 -15 42
E4_Acc 1558610589,82038 42 -15 42
E4_Acc 1558610589,85163 42 -16 42
E4_Gsr 1558610588,226 0,188333
E4_Gsr 1558610588,476 0,188333
E4_Gsr 1558610588,726 0,1908953
E4_Gsr 1558610588,976 0,1908953
E4_Gsr 1558610589,226 0,1870518
E4_Gsr 1558610589,476 0,1908953
E4_Acc 1558610589,88288 42 -16 43
E4_Acc 1558610589,91413 42 -16 43
E4_Acc 1558610589,94539 42 -16 42
E4_Acc 1558610589,97664 42 -16 42
E4_Acc 1558610590,00789 42 -16 42
E4_Acc 1558610590,03914 42 -16 42
E4_Hr 1558610584,24396 67,3653
E4_Ibi 1558610584,24396 0,8906662
E4_Acc 1558610590,07039 42 -16 42
E4_Acc 1558610590,10164 42 -16 42
E4_Acc 1558610590,1329 42 -16 43
E4_Acc 1558610590,16415 42 -16 42
E4_Acc 1558610590,1954 42 -16 43
E4_Acc 1558610590,22665 42 -15 43
E4_Acc 1558610590,2579 42 -16 42
E4_Acc 1558610590,28915 42 -15 42
E4_Acc 1558610590,3204 42 -16 43
E4_Acc 1558610590,35166 42 -16 42
E4_Acc 1558610590,38291 42 -16 42
E4_Acc 1558610590,41416 42 -16 43
E4_Acc 1558610590,44541 42 -16 43
E4_Acc 1558610590,47666 42 -16 43
E4_Acc 1558610590,50791 42 -16 43
E4_Acc 1558610590,53916 42 -16 42
E4_Acc 1558610590,57042 42 -16 42
E4_Acc 1558610590,60167 42 -16 42
E4_Acc 1558610590,63292 42 -16 42
E4_Acc 1558610590,66417 42 -16 42
E4_Acc 1558610590,69542 42 -16 43
E4_Acc 1558610590,72667 42 -16 43
E4_Acc 1558610590,75792 42 -16 42
E4_Acc 1558610590,78918 42 -16 42
E4_Acc 1558610590,82043 42 -16 42
E4_Acc 1558610590,85168 42 -15 42
E4_Acc 1558610590,88293 42 -16 43
E4_Acc 1558610590,91418 42 -16 42
E4_Acc 1558610590,94543 42 -16 42
E4_Acc 1558610590,97668 42 -16 43
E4_Hr 1558610585,08775 71,10782
E4_Ibi 1558610585,08775 0,843789
E4_Acc 1558610591,00794 42 -16 42
E4_Acc 1558610591,03919 42 -16 42
E4_Acc 1558610591,07044 42 -16 43
E4_Acc 1558610591,10169 42 -16 43
E4_Acc 1558610591,13294 42 -16 43
E4_Acc 1558610591,16419 42 -16 42
E4_Acc 1558610591,19544 42 -16 42
E4_Acc 1558610591,2267 42 -16 42
E4_Acc 1558610591,25795 42 -16 43
E4_Acc 1558610591,2892 42 -16 43
E4_Acc 1558610591,32045 42 -16 43
E4_Acc 1558610591,3517 42 -16 42
E4_Gsr 1558610589,726 0,1908953
E4_Gsr 1558610589,976 0,1896141
E4_Gsr 1558610590,226 0,1921765
E4_Gsr 1558610590,476 0,188333
E4_Gsr 1558610590,726 0,1908953
E4_Gsr 1558610590,976 0,188333
E4_Acc 1558610591,38295 42 -16 42
E4_Acc 1558610591,4142 42 -16 42
E4_Acc 1558610591,44546 42 -16 42
E4_Acc 1558610591,47671 42 -16 43
E4_Acc 1558610591,50796 42 -16 43
E4_Acc 1558610591,53921 42 -16 42
E4_Acc 1558610591,57046 42 -15 42
E4_Acc 1558610591,60171 42 -16 42
E4_Acc 1558610591,63296 42 -16 42
E4_Acc 1558610591,66422 42 -16 42
E4_Acc 1558610591,69547 42 -16 42
E4_Acc 1558610591,72672 42 -16 42
E4_Hr 1558610585,91591 72,44947
E4_Ibi 1558610585,91591 0,8281634
E4_Acc 1558610591,75797 42 -16 43
E4_Acc 1558610591,78922 42 -16 42
E4_Acc 1558610591,82047 42 -16 42
E4_Acc 1558610591,85172 42 -16 42
E4_Acc 1558610591,88298 42 -16 42
E4_Acc 1558610591,91423 42 -16 42
E4_Acc 1558610591,94548 42 -16 42
E4_Acc 1558610591,97673 42 -16 42
E4_Acc 1558610592,00798 42 -16 43
E4_Acc 1558610592,03923 42 -15 43
E4_Acc 1558610592,07048 42 -16 42
E4_Acc 1558610592,10174 42 -16 42
E4_Acc 1558610592,13299 42 -16 42
E4_Acc 1558610592,16424 42 -16 42
E4_Acc 1558610592,19549 42 -16 42
E4_Acc 1558610592,22674 42 -16 43
E4_Acc 1558610592,25799 42 -16 42
E4_Acc 1558610592,28924 42 -16 43
E4_Acc 1558610592,3205 42 -16 42
E4_Acc 1558610592,35175 42 -16 42
E4_Acc 1558610592,383 42 -16 42
E4_Acc 1558610592,41425 42 -15 43
E4_Acc 1558610592,4455 42 -16 43
E4_Acc 1558610592,47675 42 -15 42
E4_Acc 1558610592,50801 42 -15 42
E4_Acc 1558610592,53926 42 -15 42
E4_Acc 1558610592,57051 42 -15 42
E4_Acc 1558610592,60176 42 -16 42
E4_Acc 1558610592,63301 42 -15 42
E4_Acc 1558610592,66426 42 -15 43
E4_Hr 1558610586,80658 67,3653
E4_Ibi 1558610586,80658 0,8906662
E4_Acc 1558610592,69551 42 -16 42
E4_Acc 1558610592,72677 42 -15 43
E4_Acc 1558610592,75802 42 -16 42
E4_Acc 1558610592,78927 42 -16 42
E4_Acc 1558610592,82052 42 -15 42
E4_Acc 1558610592,85177 42 -15 43
E4_Gsr 1558610591,226 0,1896141
E4_Gsr 1558610591,476 0,1896141
E4_Gsr 1558610591,726 0,1896141
E4_Gsr 1558610591,976 0,188333
E4_Gsr 1558610592,226 0,1896141
E4_Gsr 1558610592,476 0,1870518
E4_Acc 1558610592,88302 42 -15 42
E4_Acc 1558610592,91427 42 -16 43
E4_Acc 1558610592,94553 42 -15 42
E4_Acc 1558610592,97678 42 -15 42
E4_Acc 1558610593,00803 42 -15 42
E4_Acc 1558610593,03928 42 -15 42
E4_Acc 1558610593,07053 42 -15 42
E4_Acc 1558610593,10178 42 -15 42
E4_Acc 1558610593,13303 42 -16 42
E4_Acc 1558610593,16429 42 -15 42
E4_Acc 1558610593,19554 42 -15 42
E4_Acc 1558610593,22679 42 -16 43
E4_Acc 1558610593,25804 42 -15 42
E4_Acc 1558610593,28929 42 -15 42
E4_Acc 1558610593,32054 42 -15 42
E4_Acc 1558610593,35179 42 -16 42
E4_Acc 1558610593,38305 42 -15 42
E4_Acc 1558610593,4143 42 -15 42
E4_Acc 1558610593,44555 42 -15 42
E4_Acc 1558610593,4768 42 -15 43
E4_Acc 1558610593,50805 42 -15 42
E4_Acc 1558610593,5393 42 -15 42
E4_Acc 1558610593,57055 42 -15 42
E4_Acc 1558610593,60181 42 -15 42
E4_Hr 1558610587,69724 67,3653
E4_Ibi 1558610587,69724 0,8906662
E4_Acc 1558610593,63306 42 -15 42
E4_Acc 1558610593,66431 42 -15 42
E4_Acc 1558610593,69556 42 -15 42
E4_Acc 1558610593,72681 42 -15 42
E4_Acc 1558610593,75806 42 -15 42
E4_Acc 1558610593,78931 42 -15 42
E4_Acc 1558610593,82057 42 -15 43
E4_Acc 1558610593,85182 42 -15 42
E4_Acc 1558610593,88307 42 -15 42
E4_Acc 1558610593,91432 42 -16 42
E4_Acc 1558610593,94557 42 -15 42
E4_Acc 1558610593,97682 42 -16 42
E4_Acc 1558610594,00807 42 -16 42
E4_Acc 1558610594,03933 42 -15 42
E4_Acc 1558610594,07058 42 -15 43
E4_Acc 1558610594,10183 42 -15 42
E4_Acc 1558610594,13308 42 -15 43
E4_Acc 1558610594,16433 42 -15 42
E4_Acc 1558610594,19558 42 -16 42
E4_Acc 1558610594,22683 42 -16 42
E4_Acc 1558610594,25809 42 -16 42
E4_Acc 1558610594,28934 42 -16 43
E4_Acc 1558610594,32059 42 -15 43
E4_Acc 1558610594,35184 42 -15 43
E4_Gsr 1558610592,726 0,1896141
E4_Gsr 1558610592,976 0,1870518
E4_Gsr 1558610593,226 0,1896141
E4_Gsr 1558610593,476 0,1896141
E4_Gsr 1558610593,726 0,1896141
E4_Gsr 1558610593,976 0,1896141
E4_Acc 1558610594,38309 42 -16 43
E4_Acc 1558610594,41434 42 -16 42
E4_Acc 1558610594,44559 42 -16 42
E4_Acc 1558610594,47685 42 -16 42
E4_Acc 1558610594,5081 42 -16 42
E4_Acc 1558610594,53935 42 -16 42
E4_Acc 1558610594,5706 42 -16 42
E4_Acc 1558610594,60185 42 -16 42
E4_Acc 1558610594,6331 42 -16 42
E4_Acc 1558610594,66436 42 -16 42
E4_Acc 1558610594,69561 42 -16 42
E4_Acc 1558610594,72686 42 -16 42
E4_Hr 1558610588,63479 63,99704
E4_Ibi 1558610588,63479 0,9375434
E4_Acc 1558610594,75811 42 -16 42
E4_Acc 1558610594,78936 42 -16 42
E4_Acc 1558610594,82061 42 -16 42
E4_Acc 1558610594,85186 42 -16 43
E4_Acc 1558610594,88312 42 -16 42
E4_Acc 1558610594,91437 42 -16 42
E4_Acc 1558610594,94562 42 -16 43
E4_Acc 1558610594,97687 42 -16 43
E4_Acc 1558610595,00812 42 -16 43
E4_Acc 1558610595,03937 42 -15 42
E4_Acc 1558610595,07062 41 -16 41
E4_Acc 1558610595,10188 42 -16 42
E4_Acc 1558610595,13313 42 -16 42
E4_Acc 1558610595,16438 42 -16 42
E4_Acc 1558610595,19563 42 -16 43
E4_Acc 1558610595,22688 41 -16 43
E4_Acc 1558610595,25813 42 -16 43
E4_Acc 1558610595,28938 42 -16 43
E4_Acc 1558610595,32064 42 -15 42
E4_Acc 1558610595,35189 42 -15 41
E4_Acc 1558610595,38314 43 -15 43
E4_Acc 1558610595,41439 43 -15 42
E4_Acc 1558610595,44564 43 -15 41
E4_Acc 1558610595,47689 43 -15 42
E4_Acc 1558610595,50814 43 -14 42
E4_Acc 1558610595,5394 43 -14 42
E4_Acc 1558610595,57065 43 -14 42
E4_Acc 1558610595,6019 43 -14 42
E4_Acc 1558610595,63315 44 -14 42
E4_Acc 1558610595,6644 44 -15 42
E4_Hr 1558610589,63483 59,99721
E4_Ibi 1558610589,63483 1,000046
E4_Acc 1558610595,69565 44 -14 42
E4_Acc 1558610595,7269 43 -15 42
E4_Acc 1558610595,75816 43 -15 42
E4_Acc 1558610595,78941 43 -14 42
E4_Acc 1558610595,82066 43 -14 42
E4_Acc 1558610595,85191 43 -14 42
E4_Gsr 1558610594,226 0,1896141
E4_Gsr 1558610594,476 0,1896141
E4_Gsr 1558610594,726 0,1870518
E4_Gsr 1558610594,976 0,188333
E4_Gsr 1558610595,226 0,1896141
E4_Gsr 1558610595,476 0,188333
E4_Acc 1558610595,88316 43 -14 43
E4_Acc 1558610595,91441 43 -14 43
E4_Acc 1558610595,94566 42 -14 42
E4_Acc 1558610595,97692 43 -14 42
E4_Acc 1558610596,00817 43 -15 42
E4_Acc 1558610596,03942 43 -15 42
E4_Acc 1558610596,07067 43 -15 42
E4_Acc 1558610596,10192 43 -15 42
E4_Acc 1558610596,13317 43 -15 42
E4_Acc 1558610596,16442 43 -15 42
E4_Acc 1558610596,19568 43 -15 42
E4_Acc 1558610596,22693 42 -15 42
E4_Acc 1558610596,25818 43 -15 42
E4_Acc 1558610596,28943 42 -15 42
E4_Acc 1558610596,32068 42 -15 43
E4_Acc 1558610596,35193 42 -15 42
E4_Acc 1558610596,38318 42 -15 42
E4_Acc 1558610596,41444 43 -15 42
E4_Acc 1558610596,44569 42 -15 42
E4_Acc 1558610596,47694 42 -15 42
E4_Acc 1558610596,50819 42 -15 42
E4_Acc 1558610596,53944 43 -14 43
E4_Acc 1558610596,57069 43 -15 43
E4_Acc 1558610596,60194 44 -15 43
E4_Acc 1558610596,6332 44 -16 44
E4_Acc 1558610596,66445 42 -15 42
E4_Acc 1558610596,6957 42 -16 42
E4_Acc 1558610596,72695 39 -20 41
E4_Acc 1558610596,7582 36 -22 41
E4_Acc 1558610596,78945 37 -21 43
E4_Hr 1558610590,66613 58,17913
E4_Ibi 1558610590,66613 1,031298
E4_Acc 1558610596,8207 34 -20 43
E4_Acc 1558610596,85196 32 -21 43
E4_Acc 1558610596,88321 32 -22 43
E4_Acc 1558610596,91446 33 -22 43
E4_Acc 1558610596,94571 29 -22 43
E4_Acc 1558610596,97696 27 -24 43
E4_Acc 1558610597,00821 25 -26 42
E4_Acc 1558610597,03946 22 -28 41
E4_Acc 1558610597,07072 20 -35 43
E4_Acc 1558610597,10197 19 -42 41
E4_Acc 1558610597,13322 17 -47 41
E4_Acc 1558610597,16447 20 -55 42
E4_Acc 1558610597,19572 20 -58 43
E4_Acc 1558610597,22697 21 -60 43
E4_Acc 1558610597,25822 22 -61 43
E4_Acc 1558610597,28948 21 -57 42
E4_Acc 1558610597,32073 20 -56 43
E4_Acc 1558610597,35198 15 -53 42
E4_Gsr 1558610595,726 0,1921765
E4_Gsr 1558610595,976 0,1921765
E4_Gsr 1558610596,226 0,1908953
E4_Gsr 1558610596,476 0,1921765
E4_Gsr 1558610596,726 0,1908953
E4_Gsr 1558610596,976 0,1908953
E4_Acc 1558610597,38323 15 -51 42
E4_Acc 1558610597,41448 13 -49 42
E4_Acc 1558610597,44573 13 -48 43
E4_Acc 1558610597,47699 12 -48 44
E4_Acc 1558610597,50824 10 -47 44
E4_Acc 1558610597,53949 10 -47 45
E4_Acc 1558610597,57074 8 -45 47
E4_Acc 1558610597,60199 7 -45 48
E4_Acc 1558610597,63324 9 -43 50
E4_Acc 1558610597,66449 7 -42 50
E4_Acc 1558610597,69575 7 -41 49
E4_Acc 1558610597,727 7 -40 48
E4_Acc 1558610597,75825 8 -39 48
E4_Acc 1558610597,7895 9 -37 49
E4_Acc 1558610597,82075 10 -35 49
E4_Acc 1558610597,852 11 -34 51
E4_Acc 1558610597,88325 13 -32 51
E4_Acc 1558610597,91451 13 -31 50
E4_Acc 1558610597,94576 14 -30 50
E4_Acc 1558610597,97701 15 -29 51
E4_Acc 1558610598,00826 17 -28 52
E4_Acc 1558610598,03951 18 -27 50
E4_Acc 1558610598,07076 18 -26 50
E4_Acc 1558610598,10201 18 -25 49
E4_Acc 1558610598,13327 23 -23 50
E4_Acc 1558610598,16452 27 -22 50
E4_Acc 1558610598,19577 28 -21 50
E4_Acc 1558610598,22702 30 -21 50
E4_Acc 1558610598,25827 32 -20 49
E4_Acc 1558610598,28952 33 -19 47
E4_Acc 1558610598,32077 35 -19 47
E4_Acc 1558610598,35203 37 -18 46
E4_Acc 1558610598,38328 39 -17 45
E4_Acc 1558610598,41453 39 -16 44
E4_Acc 1558610598,44578 39 -15 42
E4_Acc 1558610598,47703 41 -15 42
E4_Acc 1558610598,50828 42 -14 42
E4_Acc 1558610598,53953 42 -14 41
E4_Acc 1558610598,57079 43 -13 41
E4_Acc 1558610598,60204 44 -12 41
E4_Acc 1558610598,63329 44 -12 39
E4_Acc 1558610598,66454 44 -12 39
E4_Acc 1558610598,69579 44 -11 37
E4_Acc 1558610598,72704 46 -10 37
E4_Acc 1558610598,75829 47 -10 37
E4_Acc 1558610598,78955 47 -10 36
E4_Acc 1558610598,8208 47 -9 35
E4_Acc 1558610598,85205 47 -10 33
E4_Gsr 1558610597,226 0,1908953
E4_Gsr 1558610597,476 0,1921765
E4_Gsr 1558610597,726 0,1921765
E4_Gsr 1558610597,976 0,1908953
E4_Gsr 1558610598,226 0,1921765
E4_Gsr 1558610598,476 0,1908953
E4_Acc 1558610598,8833 45 -10 31
E4_Acc 1558610598,91455 46 -11 32
E4_Acc 1558610598,9458 47 -10 33
E4_Acc 1558610598,97705 52 -8 35
E4_Acc 1558610599,00831 51 -9 33
E4_Acc 1558610599,03956 51 -10 33
E4_Acc 1558610599,07081 52 -10 32
E4_Acc 1558610599,10206 53 -10 32
E4_Acc 1558610599,13331 52 -10 31
E4_Acc 1558610599,16456 51 -11 31
E4_Acc 1558610599,19581 49 -11 30
E4_Acc 1558610599,22707 48 -11 32
E4_Acc 1558610599,25832 47 -11 33
E4_Acc 1558610599,28957 47 -11 35
E4_Acc 1558610599,32082 48 -11 35
E4_Acc 1558610599,35207 49 -12 34
E4_Acc 1558610599,38332 50 -12 35
E4_Acc 1558610599,41457 51 -12 34
E4_Acc 1558610599,44583 51 -12 34
E4_Acc 1558610599,47708 52 -13 34
E4_Acc 1558610599,50833 52 -13 33
E4_Acc 1558610599,53958 52 -14 34
E4_Acc 1558610599,57083 52 -13 35
E4_Acc 1558610599,60208 52 -13 35
E4_Acc 1558610599,63334 51 -14 36
E4_Acc 1558610599,66459 50 -14 36
E4_Acc 1558610599,69584 49 -14 37
E4_Acc 1558610599,72709 48 -14 38
E4_Acc 1558610599,75834 48 -14 38
E4_Acc 1558610599,78959 46 -14 38
E4_Acc 1558610599,82084 47 -14 38
E4_Acc 1558610599,8521 47 -14 38
E4_Acc 1558610599,88335 47 -14 37
E4_Acc 1558610599,9146 45 -13 36
E4_Acc 1558610599,94585 44 -14 35
E4_Acc 1558610599,9771 51 -13 39
E4_Acc 1558610600,00835 52 -14 38
E4_Acc 1558610600,0396 52 -14 37
E4_Acc 1558610600,07086 49 -15 34
E4_Acc 1558610600,10211 51 -15 38
E4_Acc 1558610600,13336 50 -15 37
E4_Acc 1558610600,16461 49 -15 37
E4_Acc 1558610600,19586 46 -14 37
E4_Acc 1558610600,22711 47 -14 38
E4_Acc 1558610600,25836 46 -14 37
E4_Acc 1558610600,28962 45 -14 39
E4_Acc 1558610600,32087 47 -14 39
E4_Acc 1558610600,35212 45 -15 37
E4_Gsr 1558610598,726 0,1934577
E4_Gsr 1558610598,976 0,1947388
E4_Gsr 1558610599,226 0,1973012
E4_Gsr 1558610599,476 0,1985824
E4_Gsr 1558610599,726 0,2408612
E4_Gsr 1558610599,976 0,2600789
E4_Acc 1558610600,38337 44 -14 38
E4_Acc 1558610600,41462 47 -13 38
E4_Acc 1558610600,44587 45 -13 37
E4_Acc 1558610600,47712 46 -13 38
E4_Acc 1558610600,50838 46 -13 38
E4_Acc 1558610600,53963 46 -13 38
E4_Acc 1558610600,57088 46 -12 38
E4_Acc 1558610600,60213 45 -14 38
E4_Acc 1558610600,63338 46 -13 40
E4_Acc 1558610600,66463 46 -13 40
E4_Acc 1558610600,69588 45 -13 40
E4_Acc 1558610600,72714 46 -14 40
E4_Acc 1558610600,75839 45 -13 39
E4_Acc 1558610600,78964 46 -13 39
E4_Acc 1558610600,82089 45 -14 39
E4_Acc 1558610600,85214 46 -13 39
E4_Acc 1558610600,88339 46 -13 39
E4_Acc 1558610600,91464 45 -14 39
E4_Acc 1558610600,9459 45 -14 39
E4_Acc 1558610600,97715 45 -14 40
E4_Acc 1558610601,0084 45 -13 40
E4_Acc 1558610601,03965 45 -14 39
E4_Acc 1558610601,0709 45 -14 40
E4_Acc 1558610601,10215 45 -14 40
E4_Acc 1558610601,1334 45 -14 40
E4_Acc 1558610601,16466 45 -14 40
E4_Acc 1558610601,19591 45 -14 40
E4_Acc 1558610601,22716 45 -13 40
E4_Acc 1558610601,25841 45 -14 40
E4_Acc 1558610601,28966 45 -14 40
E4_Acc 1558610601,32091 44 -14 40
E4_Acc 1558610601,35216 45 -14 39
E4_Acc 1558610601,38342 44 -14 39
E4_Acc 1558610601,41467 44 -14 39
E4_Acc 1558610601,44592 43 -14 38
E4_Acc 1558610601,47717 43 -14 34
E4_Acc 1558610601,50842 41 -15 32
E4_Acc 1558610601,53967 39 -18 32
E4_Acc 1558610601,57092 39 -17 29
E4_Acc 1558610601,60218 40 -20 27
E4_Acc 1558610601,63343 39 -21 32
E4_Acc 1558610601,66468 38 -22 27
E4_Acc 1558610601,69593 41 -25 29
E4_Acc 1558610601,72718 40 -25 30
E4_Acc 1558610601,75843 50 -31 44
E4_Acc 1558610601,78968 59 -27 52
E4_Acc 1558610601,82094 39 -31 32
E4_Acc 1558610601,85219 26 -38 44
E4_Gsr 1558610600,226 0,2690471
E4_Gsr 1558610600,476 0,2728906
E4_Gsr 1558610600,726 0,2690471
E4_Gsr 1558610600,976 0,26136
E4_Gsr 1558610601,226 0,2549542
E4_Gsr 1558610601,476 0,2498295
E4_Acc 1558610601,88344 25 -41 47
E4_Acc 1558610601,91469 8 -45 44
E4_Acc 1558610601,94594 1 -47 52
E4_Acc 1558610601,97719 -4 -48 62
E4_Acc 1558610602,00845 -8 -48 64
E4_Acc 1558610602,0397 -8 -48 67
E4_Acc 1558610602,07095 -8 -48 64
E4_Acc 1558610602,1022 -8 -47 67
E4_Acc 1558610602,13345 -2 -48 68
E4_Acc 1558610602,1647 1 -44 67
E4_Acc 1558610602,19595 5 -40 65
E4_Acc 1558610602,22721 9 -41 67
E4_Acc 1558610602,25846 2 -36 62
E4_Acc 1558610602,28971 -1 -32 60
E4_Acc 1558610602,32096 -8 -29 60
E4_Acc 1558610602,35221 -11 -25 59
E4_Acc 1558610602,38346 -17 -18 51
E4_Acc 1558610602,41471 -14 -12 52
E4_Acc 1558610602,44597 -11 -10 49
E4_Acc 1558610602,47722 -7 -11 51
E4_Acc 1558610602,50847 -5 -8 48
E4_Acc 1558610602,53972 1 -4 49
E4_Acc 1558610602,57097 2 -2 51
E4_Acc 1558610602,60222 9 0 51
E4_Acc 1558610602,63347 11 1 54
E4_Acc 1558610602,66473 16 1 55
E4_Acc 1558610602,69598 13 2 53
E4_Acc 1558610602,72723 15 1 58
E4_Acc 1558610602,75848 13 5 61
E4_Acc 1558610602,78973 16 6 58
E4_Acc 1558610602,82098 15 8 57
E4_Acc 1558610602,85223 20 9 61
E4_Acc 1558610602,88349 20 9 58
E4_Acc 1558610602,91474 23 10 61
E4_Acc 1558610602,94599 26 12 64
E4_Acc 1558610602,97724 25 13 56
E4_Acc 1558610603,00849 23 13 54
E4_Acc 1558610603,03974 25 11 61
E4_Acc 1558610603,07099 21 11 60
E4_Acc 1558610603,10225 17 9 58
E4_Acc 1558610603,1335 20 10 59
E4_Acc 1558610603,16475 24 9 56
E4_Acc 1558610603,196 26 5 55
E4_Acc 1558610603,22725 30 5 56
E4_Acc 1558610603,2585 28 6 53
E4_Acc 1558610603,28975 28 6 54
E4_Acc 1558610603,32101 26 5 55
E4_Acc 1558610603,35226 27 6 55
E4_Gsr 1558610601,726 0,2382989
E4_Gsr 1558610601,976 0,2344553
E4_Gsr 1558610602,226 0,2306118
E4_Gsr 1558610602,476 0,2280495
E4_Gsr 1558610602,726 0,2254871
E4_Gsr 1558610602,976 0,2242059
E4_Acc 1558610603,38351 28 7 55
E4_Acc 1558610603,41476 28 6 56
E4_Acc 1558610603,44601 27 7 55
E4_Acc 1558610603,47726 27 6 55
E4_Acc 1558610603,50851 27 7 55
E4_Acc 1558610603,53977 29 8 55
E4_Acc 1558610603,57102 29 8 55
E4_Acc 1558610603,60227 28 7 55
E4_Acc 1558610603,63352 29 7 55
E4_Acc 1558610603,66477 29 7 55
E4_Acc 1558610603,69602 28 7 55
E4_Acc 1558610603,72727 29 7 55
E4_Acc 1558610603,75853 28 7 55
E4_Acc 1558610603,78978 28 7 54
E4_Acc 1558610603,82103 28 7 54
E4_Acc 1558610603,85228 29 7 55
E4_Acc 1558610603,88353 29 7 55
E4_Acc 1558610603,91478 28 7 55
E4_Acc 1558610603,94603 28 7 54
E4_Acc 1558610603,97729 29 7 55
E4_Acc 1558610604,00854 29 7 55
E4_Acc 1558610604,03979 28 7 54
E4_Acc 1558610604,07104 28 7 55
E4_Acc 1558610604,10229 29 7 55
E4_Acc 1558610604,13354 28 7 54
E4_Acc 1558610604,16479 29 6 55
E4_Acc 1558610604,19605 28 6 54
E4_Acc 1558610604,2273 29 6 54
E4_Acc 1558610604,25855 28 7 55
E4_Acc 1558610604,2898 28 6 55
E4_Acc 1558610604,32105 28 6 54
E4_Acc 1558610604,3523 28 6 55
E4_Acc 1558610604,38355 28 6 55
E4_Acc 1558610604,41481 28 6 55
E4_Acc 1558610604,44606 28 6 55
E4_Acc 1558610604,47731 29 6 55
E4_Acc 1558610604,50856 28 6 55
E4_Acc 1558610604,53981 29 6 55
E4_Acc 1558610604,57106 28 6 55
E4_Acc 1558610604,60231 28 6 55
